Project_ID,Sector,Region,Owner_Agency,Start_Year,End_Year,Planned_Budget,Funding_Approved,Funding_Received,Estimated_ROI,O&M_Cost,Inflation_Index,Feasibility_Score,Public_Benefit_Score,Sustainability_Score,Stakeholder_Priority,Schedule_Risk,Cost_Risk,Environmental_Risk,Policy_Risk,Funding_Delay_%,Scope_Change_%,Inflation_Rate,Actual_Cost,Delay_Months,ROI_Realized,Priority_Category
1,Public Works,West,Central Agency,2016,2017,46213515,50794357,36200505,0.143,3143559,1.13,83.47,59.04,66.89,3,0.87,0.62,0.49,0.08,24.13,29.04,4.09,88484101,10.2,0.037,Medium
2,Education,North,Central Agency,2021,2023,198663016,217324374,188939358,0.133,4823767,1.0,61.56,53.22,70.78,4,0.31,0.22,0.79,0.51,19.77,0.27,4.81,276568480,4.4,0.083,Medium
3,Energy,Central,Central Agency,2017,2021,199049774,198420817,194264157,0.271,9976856,1.2,62.18,70.92,77.87,3,0.5,0.85,0.18,0.34,11.94,8.25,4.0,405264638,5.9,0.072,Medium
4,Education,East,Central Agency,2024,2026,19625105,16464441,15695133,0.146,756831,0.93,65.3,46.14,82.72,5,0.17,0.41,0.09,0.12,15.41,-8.8,2.64,32465329,2.9,0.085,Low
5,Education,East,Central Agency,2016,2018,57548564,57897210,52266957,0.173,2372704,1.27,53.18,85.11,80.92,5,0.55,0.68,0.63,0.51,24.09,5.89,2.87,111905261,7.4,0.079,Low
6,Water,North,State Govt,2021,2022,31654924,26207401,19438940,0.121,2036899,1.03,58.86,94.37,90.87,5,0.5,0.12,0.24,0.07,11.21,12.85,2.2,41733302,7.4,0.072,Low
7,Energy,West,Central Agency,2016,2017,422589053,341793934,265324177,0.247,15196482,0.95,50.26,84.61,43.26,2,0.22,0.26,0.67,0.62,11.64,28.12,4.82,599787582,3.0,0.203,Low
8,Energy,West,State Govt,2017,2018,377389332,395084187,380329123,0.149,16422447,1.08,72.27,71.97,58.08,3,0.45,0.49,0.58,0.14,2.87,10.67,7.73,618208694,5.8,0.065,Medium
9,Energy,Central,Central Agency,2021,2022,454087933,391844231,295780550,0.178,17694343,0.92,54.21,91.64,96.35,2,0.37,0.8,0.76,0.13,27.44,22.76,2.69,904992400,6.2,0.062,Low
10,Education,North,Private Consortium,2018,2023,405130759,370171271,290040970,0.113,38844032,1.17,84.13,81.7,57.76,4,0.52,0.52,0.36,0.16,2.73,11.89,7.68,707694471,6.6,0.055,Medium
11,Public Works,East,Municipal Corp,2015,2016,454489063,496318971,366720258,0.297,43437000,1.26,61.78,40.63,38.74,2,0.57,0.84,0.55,0.67,19.45,-8.37,6.4,989483474,8.0,0.086,Low
12,Energy,West,State Govt,2019,2024,258305901,232747087,210131627,0.123,17770238,1.23,97.18,63.65,66.78,4,0.11,0.49,0.4,0.5,12.4,2.6,5.82,427500015,2.5,0.102,Medium
13,Education,North,Central Agency,2023,2028,123590918,109865767,108019439,0.243,11612824,0.95,93.56,91.06,37.66,4,0.71,0.49,0.52,0.57,12.17,13.02,5.87,194551546,8.4,0.114,Medium
14,Water,West,Private Consortium,2022,2023,248776982,267550290,208873945,0.157,20614907,0.95,64.47,60.75,44.2,4,0.67,0.2,0.39,0.31,20.39,28.02,6.96,369102462,10.7,0.099,Medium
15,Public Works,West,Municipal Corp,2023,2026,143839083,119850252,100988457,0.102,9665386,1.23,89.16,42.11,99.88,2,0.39,0.74,0.19,0.27,2.01,24.37,2.64,246895762,4.6,0.046,Low
16,Water,East,State Govt,2024,2028,241319263,248045970,220835804,0.25,4950620,1.27,90.16,84.77,67.9,3,0.14,0.3,0.43,0.2,17.81,-0.87,5.03,373613379,1.5,0.191,High
17,Public Works,South,Municipal Corp,2023,2025,235179850,257855813,257814524,0.133,19238018,1.08,99.33,88.12,49.88,2,0.7,0.82,0.45,0.36,23.16,-1.2,6.18,501804017,10.0,0.03,Medium
18,Education,Central,Private Consortium,2021,2026,310904703,332788912,243415927,0.266,23690648,1.1,79.89,49.64,99.63,3,0.86,0.83,0.66,0.41,24.85,-1.95,5.52,648317847,11.0,0.048,Low
19,Transportation,Central,State Govt,2018,2022,203389141,202473966,172016058,0.279,14078655,1.03,54.1,72.24,97.66,3,0.29,0.85,0.6,0.46,5.12,26.9,7.0,413250592,4.5,0.124,Low
20,Public Works,East,Municipal Corp,2019,2022,23689493,21183576,17275970,0.265,1914915,1.26,82.34,51.52,60.85,4,0.36,0.52,0.55,0.22,26.92,24.11,2.43,43826157,8.1,0.154,Medium
21,Water,West,Central Agency,2015,2017,481027946,421523150,404555178,0.059,29358950,1.16,81.25,83.15,48.23,2,0.25,0.64,0.14,0.67,19.68,21.0,6.14,937404212,3.4,0.029,Medium
22,Education,North,State Govt,2015,2017,93027288,97285754,81991492,0.247,7100462,1.02,81.92,56.29,88.69,3,0.56,0.72,0.59,0.16,26.46,5.71,5.2,189762057,8.7,0.072,Medium
23,Public Works,West,Municipal Corp,2017,2022,277954709,295728960,216856052,0.153,26353932,1.02,65.36,58.97,80.09,5,0.22,0.2,0.43,0.68,14.56,10.18,4.27,367558790,1.8,0.141,Medium
24,Transportation,East,Private Consortium,2022,2023,179892699,172270730,153377324,0.268,9006220,1.26,92.98,90.7,78.09,3,0.38,0.58,0.72,0.06,16.26,8.57,4.04,329686807,6.0,0.128,Medium
25,Transportation,Central,Private Consortium,2016,2019,195429788,170669221,158933013,0.209,14979643,0.91,97.97,68.58,92.52,5,0.66,0.13,0.74,0.36,27.57,0.14,5.72,282763684,8.7,0.124,Medium
26,Energy,West,State Govt,2018,2023,452154764,377044154,264256815,0.258,26249856,1.03,60.89,80.19,78.26,2,0.55,0.5,0.09,0.27,27.0,10.2,7.35,801216634,7.6,0.104,Medium
27,Energy,Central,Municipal Corp,2016,2019,181003345,149536608,143209266,0.175,13385554,1.12,54.41,64.14,49.87,2,0.41,0.22,0.67,0.34,13.44,-8.78,4.98,267105718,4.6,0.136,Low
28,Water,North,State Govt,2019,2020,473614721,481061476,363589583,0.184,38377695,0.96,59.73,57.88,78.57,2,0.44,0.25,0.08,0.42,8.23,-4.73,6.95,711897815,6.5,0.098,Low
29,Public Works,Central,State Govt,2023,2024,38899868,36022663,31181966,0.086,919445,0.94,91.03,77.53,51.41,3,0.55,0.39,0.33,0.33,11.8,25.46,4.41,60374779,8.3,0.052,Medium
30,Public Works,Central,Municipal Corp,2015,2020,268978004,288238970,237721992,0.246,19293263,1.23,83.83,49.29,83.15,1,0.1,0.45,0.46,0.32,11.63,20.07,2.61,456288572,2.0,0.153,Low
31,Energy,South,Municipal Corp,2019,2020,443705422,453423187,415288549,0.155,16922611,1.26,81.8,62.38,73.38,3,0.16,0.6,0.16,0.53,8.61,6.91,2.37,760002643,1.6,0.111,Medium
32,Public Works,South,Central Agency,2023,2027,404582451,346880143,281440678,0.175,29778321,1.23,70.09,52.54,35.42,3,0.81,0.16,0.61,0.5,8.06,10.69,2.31,503370919,11.7,0.099,Medium
33,Public Works,South,Municipal Corp,2015,2017,301135770,296357716,284778710,0.246,17305193,1.26,78.89,81.75,65.9,4,0.16,0.5,0.06,0.59,25.83,4.8,4.28,533780731,2.7,0.142,Medium
34,Transportation,Central,Private Consortium,2023,2028,397104305,369565771,339685975,0.2,32516576,1.12,65.39,96.65,54.03,4,0.67,0.25,0.18,0.21,2.1,19.63,4.02,551636280,5.9,0.112,Medium
35,Energy,East,State Govt,2022,2025,390153438,379687540,339559864,0.1,11654688,1.22,73.86,99.73,53.0,3,0.84,0.56,0.49,0.45,20.33,21.37,6.31,697021805,11.7,0.028,Medium
36,Education,Central,State Govt,2018,2022,497024078,507670700,476637896,0.198,34844264,1.05,89.65,67.02,72.16,5,0.32,0.61,0.59,0.43,5.18,20.53,6.46,876304375,3.0,0.092,Medium
37,Energy,East,Private Consortium,2024,2029,35137138,36607935,33906522,0.152,1485515,1.17,99.06,55.15,52.56,4,0.4,0.55,0.74,0.29,10.34,18.9,2.31,57758856,6.4,0.092,Medium
38,Education,East,Municipal Corp,2019,2020,120278038,126667351,90032823,0.167,10613160,1.3,96.62,66.57,84.38,3,0.56,0.69,0.58,0.37,1.85,-1.82,3.33,206800210,6.4,0.061,Medium
39,Transportation,South,Private Consortium,2019,2020,399566551,350097200,286526657,0.057,37667410,0.99,96.69,90.84,34.96,1,0.81,0.37,0.55,0.25,8.1,3.52,3.65,614312667,10.8,0.023,Medium
40,Water,West,Private Consortium,2020,2021,406784683,329224951,322390961,0.103,40561258,1.06,70.11,52.36,76.23,5,0.85,0.71,0.35,0.14,23.05,8.79,5.29,803996287,13.0,0.019,Medium
41,Public Works,North,Central Agency,2021,2022,473004108,483310120,356546227,0.12,39581263,1.09,73.44,97.13,86.64,2,0.69,0.45,0.05,0.19,26.55,3.23,2.87,813637735,8.7,0.049,Medium
42,Transportation,South,Private Consortium,2022,2025,174997397,145580880,134098765,0.228,14052067,0.96,85.28,60.51,77.1,3,0.17,0.49,0.14,0.12,6.65,20.2,2.8,286730164,1.9,0.176,Medium
43,Public Works,South,State Govt,2022,2026,191407402,171209303,169904268,0.053,7128023,0.93,96.11,99.15,64.81,3,0.64,0.62,0.45,0.49,13.91,3.17,7.66,366362046,8.4,0.019,Medium
44,Water,West,Private Consortium,2016,2018,45154340,36175180,25889114,0.152,2116860,1.23,57.1,90.32,96.52,5,0.43,0.11,0.56,0.48,14.11,-4.47,6.83,61241503,7.5,0.131,Low
45,Water,North,State Govt,2023,2026,398040380,399831897,361711190,0.281,22789644,1.29,65.21,88.51,51.0,4,0.48,0.62,0.36,0.67,26.21,5.96,3.08,749656822,6.6,0.149,Medium
46,Transportation,Central,State Govt,2021,2024,45908279,39028446,32801310,0.078,3758533,1.06,56.96,59.07,31.34,4,0.14,0.59,0.6,0.52,22.88,29.2,4.44,84589285,2.5,0.042,Low
47,Water,Central,State Govt,2018,2020,490780802,489104649,427356447,0.179,45739430,0.94,80.6,40.53,60.24,4,0.25,0.35,0.44,0.08,15.39,-0.96,4.13,759303636,4.4,0.109,Low
48,Education,South,Municipal Corp,2018,2020,214219070,235110310,170596605,0.247,7525757,0.93,65.32,62.93,32.31,2,0.73,0.17,0.11,0.62,20.12,14.49,6.75,311338784,9.4,0.155,Medium
49,Water,North,Central Agency,2022,2023,464968949,382112068,272408490,0.286,43609158,1.26,66.31,58.11,96.78,5,0.46,0.17,0.19,0.61,25.42,7.32,5.06,664056729,7.2,0.186,Medium
50,Public Works,South,State Govt,2018,2021,289267346,238102722,214306735,0.237,21883066,1.09,53.55,42.24,44.69,5,0.34,0.84,0.68,0.34,0.29,-7.16,2.77,551130534,2.6,0.078,Low
51,Public Works,East,State Govt,2020,2025,124114582,111965505,106030530,0.23,8546735,1.03,67.49,70.32,85.22,4,0.41,0.65,0.59,0.43,12.09,9.52,6.43,228483236,7.8,0.099,Medium
52,Public Works,South,Municipal Corp,2019,2021,284385308,301424525,281712747,0.257,10234259,1.09,93.12,64.18,84.22,4,0.78,0.2,0.72,0.68,27.22,18.09,4.38,407206460,9.7,0.135,Medium
53,Public Works,South,State Govt,2017,2019,412682909,356829975,307994837,0.162,10086796,1.03,61.65,78.07,45.24,1,0.7,0.39,0.14,0.4,22.21,10.53,3.58,658972719,9.4,0.083,Medium
54,Education,Central,Private Consortium,2024,2028,341454571,310079452,226345611,0.251,22357486,1.1,84.76,77.27,73.49,1,0.32,0.57,0.79,0.64,16.29,24.88,4.25,598966732,4.8,0.119,Medium
55,Energy,Central,Private Consortium,2016,2021,58495982,47998972,43506909,0.052,4218803,1.24,81.48,47.24,33.37,3,0.19,0.77,0.21,0.1,15.89,1.56,4.99,115446104,5.2,0.023,Low
56,Transportation,Central,Central Agency,2023,2028,19184536,19739862,15250360,0.281,707190,1.14,93.17,98.62,63.85,3,0.3,0.13,0.06,0.17,10.43,-6.55,4.06,26365512,2.9,0.257,High
57,Public Works,East,State Govt,2024,2026,57766655,53289271,51867546,0.161,3726902,1.18,56.61,51.22,31.03,5,0.84,0.29,0.8,0.34,15.62,27.46,3.45,86181239,13.0,0.077,Low
58,Water,Central,Municipal Corp,2023,2024,262546276,269838399,256745734,0.188,23240457,1.05,98.88,66.72,94.48,5,0.57,0.81,0.26,0.43,19.66,5.13,4.39,527793018,8.7,0.061,Medium
59,Public Works,North,Private Consortium,2015,2019,160631534,172049601,157049438,0.114,13943664,1.2,79.13,69.29,98.33,2,0.53,0.11,0.55,0.58,12.55,13.06,2.12,203202627,7.5,0.086,Medium
60,Water,West,Municipal Corp,2024,2029,163966727,142623005,140434281,0.236,15443766,1.17,99.77,88.78,45.56,2,0.58,0.26,0.18,0.69,21.42,21.68,6.63,249903444,7.2,0.133,Medium
61,Water,North,Municipal Corp,2017,2019,381761513,397879029,282265945,0.069,18809719,0.95,95.58,45.95,44.57,1,0.39,0.87,0.49,0.3,25.84,2.97,3.03,829217927,6.8,0.028,Low
62,Public Works,North,Private Consortium,2022,2027,259289913,212028665,195248743,0.268,11783161,1.13,61.08,65.72,82.76,3,0.75,0.59,0.73,0.08,4.64,18.65,2.26,437886106,8.5,0.084,Medium
63,Education,Central,Municipal Corp,2020,2024,50078991,53567203,42804097,0.257,4004019,1.0,52.81,77.71,47.74,1,0.52,0.31,0.29,0.57,13.55,-4.58,5.92,78347812,8.3,0.135,Low
64,Water,West,Private Consortium,2019,2023,275223751,273911089,266192210,0.104,14996664,1.22,62.78,52.91,92.66,1,0.19,0.15,0.55,0.44,12.24,1.65,6.64,369135804,2.1,0.094,Medium
65,Water,West,Municipal Corp,2019,2022,445774724,473532232,369356352,0.252,12037653,1.07,76.38,77.65,70.18,3,0.2,0.12,0.19,0.18,20.62,-4.21,6.88,659555036,3.6,0.204,Medium
66,Public Works,West,Private Consortium,2020,2022,37705858,30166817,27676756,0.247,1607177,1.3,58.58,95.42,54.55,2,0.53,0.3,0.52,0.37,7.5,22.45,4.96,55268039,6.2,0.173,Low
67,Water,East,State Govt,2021,2025,129838595,110456850,106402433,0.208,6944622,0.94,58.37,99.85,88.29,3,0.85,0.81,0.3,0.53,19.21,-1.09,3.23,258925949,10.4,0.034,Low
68,Water,Central,Central Agency,2015,2018,435966695,399749989,284820686,0.143,18921527,1.21,73.13,41.95,64.54,4,0.35,0.43,0.21,0.55,26.32,18.7,6.42,815564701,6.5,0.102,Low
69,Public Works,West,Private Consortium,2023,2026,306154594,279779642,229221858,0.118,14259592,1.17,51.66,54.14,93.81,4,0.8,0.68,0.28,0.37,12.54,27.73,6.2,575582480,10.8,0.037,Low
70,Public Works,East,Private Consortium,2017,2022,123792223,107454015,99791761,0.108,5385218,1.21,56.09,58.62,94.96,4,0.71,0.83,0.18,0.25,27.33,11.11,3.48,260081612,11.4,0.022,Low
71,Transportation,South,Central Agency,2018,2023,30686655,28062442,23473550,0.13,715610,1.02,70.79,63.95,41.58,5,0.3,0.43,0.73,0.68,29.79,11.6,7.42,57728705,3.6,0.093,Medium
72,Education,South,Private Consortium,2024,2027,225053161,188741871,147251838,0.276,15971477,1.1,53.16,54.54,30.16,2,0.13,0.25,0.35,0.48,3.18,8.44,2.63,318450375,2.8,0.217,Low
73,Education,East,Private Consortium,2015,2020,149845473,138431494,106030440,0.069,10157034,1.22,69.84,52.21,98.88,2,0.18,0.51,0.23,0.32,6.99,3.04,7.9,248881392,5.1,0.053,Medium
74,Water,East,Municipal Corp,2024,2028,349455466,363680504,268925542,0.257,25255384,0.99,73.7,97.27,93.43,5,0.68,0.83,0.39,0.23,28.51,9.03,7.16,754129519,9.5,0.062,Medium
75,Education,Central,Central Agency,2017,2018,271687768,256397457,245407971,0.137,9613615,0.99,72.56,95.11,33.88,1,0.26,0.74,0.29,0.53,28.75,14.11,6.13,566103035,6.7,0.075,Medium
76,Water,Central,State Govt,2016,2020,246588041,198602014,173301433,0.18,10764150,1.12,93.46,42.82,88.31,4,0.4,0.15,0.61,0.21,2.93,29.44,7.63,319094205,4.7,0.129,Low
77,Transportation,South,Private Consortium,2016,2019,474162687,439280061,317562357,0.249,32987153,1.11,76.5,60.33,62.05,4,0.5,0.65,0.78,0.16,0.45,27.51,6.33,846754649,4.7,0.094,Medium
78,Public Works,West,Central Agency,2015,2018,289681325,234106688,190744065,0.271,19689699,1.01,73.4,64.31,48.13,1,0.68,0.56,0.38,0.39,4.83,24.49,3.14,482551096,8.1,0.091,Medium
79,Public Works,South,Municipal Corp,2022,2026,280689178,305915563,247889528,0.136,16983498,1.02,70.54,54.34,91.51,3,0.19,0.83,0.7,0.24,29.88,25.57,4.65,610889093,5.1,0.065,Medium
80,Public Works,West,State Govt,2017,2022,280085185,234777537,177144760,0.165,13453348,1.01,90.88,77.73,43.77,3,0.43,0.2,0.47,0.46,5.4,8.71,2.43,378444320,4.6,0.126,Medium
81,Education,West,Central Agency,2017,2022,462623272,468316544,389008208,0.154,43039915,1.21,94.75,78.42,96.31,2,0.49,0.53,0.17,0.13,15.08,16.3,4.34,789110761,6.2,0.079,Medium
82,Transportation,Central,State Govt,2020,2023,11116271,12137110,9705195,0.053,524483,1.16,92.66,91.03,44.39,5,0.53,0.8,0.57,0.48,25.45,25.8,6.45,24168302,8.5,0.019,Medium
83,Education,North,State Govt,2022,2024,155134604,162551855,130454546,0.124,8757275,1.23,83.68,84.45,72.96,2,0.75,0.43,0.44,0.23,0.61,5.72,4.32,226949976,9.1,0.046,Medium
84,Education,North,State Govt,2023,2028,176196616,177922393,163992487,0.165,13082441,1.29,56.87,72.55,45.62,3,0.24,0.49,0.54,0.05,18.13,28.47,3.98,304522624,4.5,0.104,Low
85,Transportation,East,Private Consortium,2023,2027,242901107,255492680,195957524,0.153,15410062,1.09,63.84,79.22,68.2,1,0.75,0.16,0.72,0.13,8.31,6.63,5.57,313225687,9.7,0.069,Medium
86,Transportation,Central,Private Consortium,2018,2023,113762851,124517946,111139487,0.23,5432276,0.93,52.3,56.44,77.88,2,0.65,0.32,0.38,0.66,25.87,14.04,7.23,187794600,9.9,0.133,Low
87,Transportation,West,Municipal Corp,2019,2023,32461013,32019651,27895357,0.146,1780537,0.92,96.54,75.58,43.32,4,0.54,0.36,0.73,0.61,8.5,18.39,2.29,47023975,6.6,0.096,Medium
88,Transportation,North,Municipal Corp,2016,2019,431112041,417211023,363152054,0.172,36023060,1.02,83.04,69.35,66.46,4,0.66,0.86,0.61,0.2,20.6,28.02,4.31,936589013,9.4,0.04,Medium
89,Public Works,West,Central Agency,2023,2028,57204953,56545461,50828840,0.157,2416928,1.27,87.32,48.0,62.83,1,0.43,0.33,0.42,0.56,20.23,-0.22,2.95,87022915,5.4,0.079,Low
90,Energy,North,Municipal Corp,2022,2026,396392377,380458499,328911931,0.235,12438958,1.11,65.58,54.55,34.97,3,0.21,0.47,0.5,0.45,6.64,19.85,6.17,618313717,4.2,0.135,Medium
91,Energy,North,State Govt,2017,2020,161661109,160129649,154329199,0.266,7283327,1.01,92.28,57.5,87.28,4,0.63,0.64,0.29,0.68,1.04,10.83,2.63,287736800,7.0,0.103,Medium
92,Transportation,North,State Govt,2023,2025,365109899,341360472,308137232,0.183,32116066,1.06,62.98,95.46,53.5,4,0.52,0.23,0.79,0.29,12.28,0.74,5.99,533535976,8.1,0.12,Medium
93,Energy,Central,Private Consortium,2017,2021,57380429,49664652,42914678,0.247,1556110,1.14,50.08,53.82,70.22,5,0.61,0.49,0.55,0.49,8.68,21.06,3.72,85716435,7.6,0.124,Low
94,Energy,South,State Govt,2023,2025,342776461,286586544,271950264,0.124,34049934,1.16,68.82,57.35,66.03,2,0.37,0.69,0.08,0.09,24.27,12.09,3.19,664025404,6.1,0.053,Medium
95,Transportation,West,Central Agency,2016,2018,366797857,300958478,265398419,0.185,23211053,0.96,78.54,62.16,65.93,3,0.83,0.79,0.29,0.31,24.01,16.44,7.62,740629104,10.9,0.039,Medium
96,Energy,Central,State Govt,2024,2025,47264820,41545527,32710591,0.136,4669180,1.29,73.94,79.82,37.51,2,0.57,0.6,0.52,0.68,13.71,2.92,2.11,80902792,6.6,0.061,Medium
97,Education,Central,State Govt,2023,2028,239260307,194718907,148400823,0.154,22758371,1.12,93.1,47.09,59.64,3,0.17,0.64,0.09,0.4,18.2,9.25,4.63,408306658,1.4,0.085,Low
98,Water,Central,Central Agency,2022,2026,340418762,330257682,246272603,0.233,19140077,0.95,55.27,97.24,61.67,4,0.46,0.2,0.07,0.24,18.13,14.69,2.13,475480849,5.6,0.159,Low
99,Water,Central,Municipal Corp,2023,2025,36906511,32667744,31682372,0.27,1324179,1.26,77.69,91.93,81.35,5,0.71,0.86,0.39,0.13,24.81,6.2,4.9,77381406,9.6,0.051,Medium
100,Transportation,Central,Municipal Corp,2019,2020,112598386,117931095,107675881,0.08,3737228,0.93,75.65,74.63,88.8,2,0.74,0.21,0.3,0.51,12.75,-2.07,5.01,156130959,9.8,0.042,Medium
101,Public Works,East,Central Agency,2016,2019,405009758,333028289,326771864,0.209,15876037,1.26,64.07,80.44,68.15,4,0.5,0.72,0.38,0.47,8.26,28.47,3.93,712985673,7.5,0.094,Medium
102,Transportation,West,Private Consortium,2022,2026,248818294,215950752,190249923,0.196,19111885,1.3,91.11,41.0,36.07,3,0.82,0.31,0.25,0.29,7.95,10.46,2.79,354177621,9.8,0.083,Low
103,Public Works,Central,State Govt,2020,2022,419392197,427391618,359872403,0.08,17545691,1.18,87.64,60.34,46.58,2,0.31,0.85,0.17,0.67,16.09,19.36,4.26,851185669,3.9,0.038,Medium
104,Water,West,Central Agency,2022,2027,17089975,16742065,12019379,0.103,808595,1.21,86.64,87.74,41.55,2,0.43,0.68,0.57,0.06,13.47,6.44,6.03,33259578,4.5,0.048,Medium
105,Transportation,East,State Govt,2019,2020,18805586,15408307,13890476,0.128,1051275,1.03,93.81,44.65,38.72,4,0.82,0.7,0.44,0.25,13.2,4.21,6.69,37095876,11.1,0.027,Low
106,Education,East,Private Consortium,2024,2026,54564078,58010991,50740045,0.092,5077657,1.28,86.14,56.94,55.61,2,0.82,0.28,0.2,0.65,2.73,6.29,5.18,76046002,11.4,0.043,Medium
107,Energy,West,State Govt,2016,2021,326155260,346761269,345742716,0.111,11464837,1.11,61.59,75.12,46.06,5,0.65,0.45,0.29,0.26,21.56,6.37,5.54,557422978,10.3,0.05,Medium
108,Public Works,North,Central Agency,2020,2022,88877827,79912045,61671931,0.117,1813296,1.19,85.28,55.38,45.28,5,0.79,0.59,0.49,0.21,6.41,11.77,3.2,159062652,10.5,0.035,Medium
109,Energy,South,State Govt,2019,2023,426916499,385130660,330912430,0.134,10590821,1.27,65.39,96.04,33.83,4,0.17,0.72,0.1,0.4,5.91,11.74,3.72,740552002,3.0,0.063,Medium
110,Energy,North,Municipal Corp,2019,2023,140566025,154159955,138017434,0.237,12985673,1.29,62.11,47.86,31.24,3,0.79,0.18,0.16,0.59,12.38,9.89,2.97,178031200,11.9,0.118,Low
111,Transportation,North,Private Consortium,2015,2019,58085527,57379953,51261950,0.193,4170617,1.23,53.65,87.84,37.19,4,0.36,0.87,0.1,0.12,6.83,-4.61,3.5,114370072,5.0,0.062,Low
112,Energy,North,Private Consortium,2016,2017,406035061,389547989,338278824,0.297,16989826,1.02,87.2,70.48,42.05,5,0.24,0.81,0.66,0.66,17.52,9.84,3.35,866287629,4.6,0.118,Medium
113,Education,Central,Private Consortium,2022,2026,409622370,430695661,401872819,0.154,13999008,1.29,85.55,85.02,60.17,1,0.29,0.32,0.61,0.57,11.14,-3.24,5.12,601640170,3.8,0.103,Medium
114,Energy,East,Central Agency,2017,2022,65073945,57628646,43883889,0.238,2833406,1.15,61.72,58.64,65.74,1,0.43,0.76,0.61,0.17,13.47,-4.95,5.38,126079517,4.7,0.089,Medium
115,Transportation,North,Private Consortium,2024,2026,80977316,75208069,69017554,0.268,2363222,1.27,87.47,70.87,39.84,2,0.3,0.51,0.59,0.51,16.12,27.31,7.67,136075193,3.9,0.186,High
116,Education,East,Municipal Corp,2017,2020,173389157,152640197,135227060,0.22,16527910,1.17,95.89,91.41,59.73,2,0.36,0.47,0.55,0.3,6.11,14.2,3.17,279076187,4.6,0.123,Medium
117,Water,West,Central Agency,2022,2027,171584596,177890030,172343869,0.153,14196307,1.02,55.4,68.01,53.92,1,0.21,0.35,0.41,0.31,4.67,16.38,5.85,258137378,2.8,0.122,Low
118,Energy,South,Municipal Corp,2022,2027,18074037,17568050,16762702,0.238,1030062,1.05,61.63,61.58,42.84,5,0.34,0.56,0.53,0.56,26.41,6.07,6.9,35016472,7.6,0.132,Medium
119,Transportation,West,State Govt,2016,2020,313302631,312565593,248347151,0.101,27945657,1.12,87.51,72.17,30.48,2,0.56,0.68,0.08,0.68,13.01,26.36,5.36,575280607,7.6,0.041,Medium
120,Water,West,State Govt,2022,2023,239233510,209494912,164007533,0.132,9558971,1.22,63.73,83.04,62.69,4,0.45,0.43,0.52,0.13,12.36,15.52,3.53,371371576,7.4,0.067,Medium
121,Water,Central,State Govt,2015,2017,23822356,20631770,20518213,0.187,1843127,1.03,81.23,66.61,78.0,4,0.38,0.6,0.63,0.32,1.07,20.77,3.58,37762148,4.2,0.112,Medium
122,Public Works,South,State Govt,2020,2021,134860617,127647244,109544255,0.194,11933896,1.13,54.06,96.33,45.84,5,0.7,0.66,0.43,0.36,14.94,4.74,2.24,247522102,9.0,0.063,Low
123,Education,West,Municipal Corp,2022,2024,189895213,193934231,188489778,0.056,9217797,1.04,72.61,57.7,39.23,2,0.81,0.67,0.32,0.29,16.63,28.4,3.83,345505729,9.4,0.016,Medium
124,Energy,West,Central Agency,2017,2019,463089027,443441052,332210208,0.286,37323658,1.23,86.95,68.53,92.09,4,0.71,0.14,0.26,0.29,16.77,22.82,6.47,608976211,8.7,0.156,Medium
125,Transportation,South,Central Agency,2022,2023,251889467,203978504,182121325,0.224,10983838,1.09,84.33,85.42,49.25,2,0.37,0.79,0.53,0.08,21.21,24.16,2.29,504175439,6.2,0.08,Medium
126,Public Works,South,Private Consortium,2015,2020,199826104,211928662,199839839,0.174,8774078,0.93,90.75,81.35,45.65,2,0.7,0.47,0.57,0.5,5.32,-3.11,3.32,305443613,8.7,0.078,Medium
127,Education,West,Municipal Corp,2023,2025,64432684,52796532,51963327,0.283,1840492,0.97,93.87,91.82,90.0,4,0.22,0.31,0.7,0.33,7.57,0.84,6.24,91563665,4.1,0.167,High
128,Public Works,South,State Govt,2023,2024,409391763,444905411,356459124,0.16,22600326,0.92,88.66,99.81,87.2,1,0.2,0.29,0.31,0.18,24.32,1.43,6.7,666044400,4.1,0.119,Medium
129,Education,West,Municipal Corp,2019,2021,127369104,102855975,94369776,0.295,9982802,1.1,83.58,65.61,61.38,4,0.38,0.49,0.63,0.58,28.42,0.84,4.73,232045360,5.9,0.147,Medium
130,Education,West,Private Consortium,2024,2027,388825846,392066762,337821935,0.178,37023088,0.94,51.59,46.67,64.25,5,0.75,0.81,0.47,0.57,4.08,24.22,6.19,737883251,11.3,0.042,Low
131,Energy,Central,Private Consortium,2018,2023,465150083,383591653,275491182,0.079,31771499,0.95,76.75,41.82,45.24,3,0.3,0.4,0.71,0.37,14.93,-8.72,4.33,746287122,4.4,0.061,Low
132,Education,North,Municipal Corp,2020,2024,53420892,57331460,51999629,0.241,4757175,1.28,51.88,83.61,35.48,4,0.15,0.7,0.45,0.24,6.43,-6.96,2.96,93168809,3.4,0.137,Low
133,Public Works,West,Municipal Corp,2021,2023,84412557,79291244,71919455,0.22,7242561,1.25,90.4,92.44,70.14,2,0.21,0.18,0.44,0.46,1.8,0.96,4.39,105062386,2.2,0.2,High
134,Education,East,Municipal Corp,2019,2022,432645250,363965902,356388875,0.243,14652588,1.08,66.04,53.24,36.88,2,0.79,0.48,0.48,0.24,9.77,-2.01,5.48,709894950,10.7,0.089,Medium
135,Energy,North,Central Agency,2024,2028,288544087,260337376,221076868,0.288,16985261,1.29,78.12,49.51,61.45,4,0.61,0.89,0.61,0.2,4.31,-0.73,7.69,559252125,8.5,0.072,Low
136,Energy,North,State Govt,2023,2027,457266532,388423867,298727193,0.244,13422548,0.9,63.97,43.73,95.83,3,0.3,0.72,0.77,0.52,21.3,21.92,2.41,916014566,5.1,0.14,Low
137,Public Works,North,Municipal Corp,2017,2019,353527759,300913839,214662648,0.203,26363361,1.15,89.13,89.36,96.7,4,0.54,0.27,0.11,0.08,16.01,12.53,5.04,507281356,5.1,0.139,Medium
138,Water,Central,Municipal Corp,2021,2022,441381177,478648091,394737565,0.264,42369050,1.15,94.33,58.68,46.75,3,0.52,0.5,0.09,0.11,4.32,-9.77,3.97,701157921,6.5,0.144,Medium
139,Water,West,Municipal Corp,2024,2026,274074294,255868589,202283312,0.218,8487301,1.08,69.93,64.1,73.69,3,0.62,0.29,0.75,0.05,0.28,7.17,5.05,383263183,8.7,0.109,Medium
140,Education,Central,Private Consortium,2024,2027,344764531,357396937,331781045,0.152,27136640,1.06,93.15,70.17,63.19,5,0.29,0.43,0.45,0.15,24.24,6.32,2.14,599138084,5.4,0.099,Medium
141,Transportation,West,Private Consortium,2019,2023,270533123,268336845,216354720,0.271,19093971,1.08,63.35,90.37,91.3,2,0.79,0.72,0.51,0.09,5.29,-5.44,3.88,491673317,10.3,0.058,Medium
142,Education,Central,Central Agency,2021,2023,236791287,237484590,233856148,0.105,15791232,1.07,76.73,79.05,49.0,2,0.35,0.72,0.41,0.7,18.19,17.05,6.92,461722168,3.5,0.048,Medium
143,Public Works,Central,State Govt,2016,2017,454476157,381536383,377222375,0.229,23273550,1.19,92.94,76.9,30.26,3,0.66,0.28,0.12,0.24,10.11,18.08,5.32,674519412,7.7,0.121,Medium
144,Public Works,East,Central Agency,2018,2020,489308311,425823167,377395396,0.27,23687675,0.95,66.29,50.54,41.38,2,0.11,0.84,0.63,0.15,17.56,18.84,4.7,1024706594,2.8,0.161,Medium
145,Public Works,Central,State Govt,2016,2021,231053089,239376799,234253678,0.233,5457458,0.98,97.7,70.79,54.47,1,0.4,0.57,0.61,0.21,9.47,19.14,3.71,387005580,5.8,0.139,Medium
146,Public Works,South,Private Consortium,2021,2022,436786461,476634429,442438913,0.224,16350095,0.97,56.09,82.92,52.1,3,0.38,0.4,0.28,0.66,2.61,-10.0,3.79,623800589,5.9,0.132,Low
147,Public Works,East,Private Consortium,2016,2019,246175953,216340090,186930362,0.238,5222413,1.0,50.91,98.4,85.4,2,0.53,0.5,0.28,0.39,6.69,28.16,4.3,371184543,6.7,0.093,Low
148,Energy,Central,Private Consortium,2015,2019,448712210,395526634,298263621,0.166,29845360,1.11,95.21,52.08,77.64,1,0.16,0.58,0.68,0.29,5.64,22.57,7.01,771026860,2.6,0.12,Medium
149,Water,North,Central Agency,2023,2025,95129374,89599421,75046628,0.269,2708167,0.94,53.43,40.57,50.97,5,0.73,0.55,0.1,0.62,12.84,26.16,7.8,166496965,9.6,0.084,Low
150,Public Works,South,Municipal Corp,2015,2016,108495675,118819265,103166293,0.101,9747419,1.25,99.59,44.52,62.04,2,0.27,0.49,0.71,0.31,19.75,-9.37,4.63,194178838,3.5,0.065,Low
151,Transportation,South,Municipal Corp,2022,2027,332334779,292683146,280738300,0.082,20555385,1.02,97.57,62.55,36.69,1,0.64,0.5,0.24,0.27,7.91,27.35,4.36,546571732,5.9,0.028,Medium
152,Transportation,South,Private Consortium,2016,2017,319701522,294794079,248924124,0.121,24289384,0.97,56.85,89.23,92.87,4,0.74,0.24,0.49,0.18,0.36,22.39,7.08,441909032,9.4,0.059,Low
153,Transportation,East,Municipal Corp,2022,2027,59351998,63354934,61410090,0.183,3137855,1.17,76.88,40.43,95.48,4,0.55,0.75,0.75,0.3,15.57,23.49,4.56,113754848,7.7,0.076,Low
154,Transportation,Central,Municipal Corp,2017,2020,340962797,273069026,246391464,0.178,22110204,0.92,59.25,67.4,98.59,1,0.69,0.53,0.56,0.26,18.17,-6.27,5.31,622313264,8.8,0.058,Low
155,Energy,Central,Central Agency,2020,2024,113078098,91811476,68041459,0.255,10789090,1.15,71.41,59.75,90.8,3,0.63,0.2,0.36,0.49,28.89,19.55,3.39,169745571,7.7,0.144,Medium
156,Transportation,North,State Govt,2017,2020,261474325,256564230,256177949,0.151,6960112,1.18,53.07,43.15,42.18,3,0.38,0.71,0.57,0.24,17.68,28.4,6.46,521185496,6.3,0.063,Low
157,Public Works,North,Private Consortium,2021,2023,312432919,334994965,287482561,0.171,12595739,0.99,61.2,67.01,33.23,2,0.75,0.85,0.31,0.43,14.14,17.14,5.19,614333202,9.5,0.04,Medium
158,Education,South,Private Consortium,2024,2025,371800812,324082779,264956303,0.053,30636039,0.92,68.16,55.28,70.57,4,0.34,0.86,0.26,0.09,17.2,12.82,6.85,784561002,5.6,0.025,Medium
159,Transportation,North,Central Agency,2023,2028,159881373,150431189,135047213,0.152,4460526,1.05,71.93,61.11,93.88,3,0.56,0.4,0.8,0.17,27.84,27.83,6.68,262396340,10.2,0.071,Medium
160,Energy,East,Central Agency,2016,2021,469429177,438981808,321627921,0.212,12229985,0.94,98.87,82.34,42.41,3,0.7,0.21,0.61,0.31,24.85,7.72,3.29,693098263,7.7,0.097,Medium
161,Energy,Central,Municipal Corp,2019,2020,365111909,343895768,306397922,0.054,17862483,0.95,90.39,71.29,30.49,4,0.4,0.51,0.53,0.66,9.69,13.97,6.29,619437602,4.7,0.031,Medium
162,Transportation,South,Private Consortium,2020,2021,374393588,369435085,313824317,0.12,10248439,1.0,86.87,47.48,86.38,5,0.34,0.19,0.32,0.3,7.12,9.05,6.8,487916661,4.3,0.082,Low
163,Education,North,State Govt,2018,2020,175850014,165461345,136009593,0.102,11747884,1.02,76.85,97.68,35.38,3,0.47,0.85,0.09,0.48,7.88,27.31,4.08,336616417,7.5,0.037,Medium
164,Transportation,East,Central Agency,2018,2021,332683747,310806610,306426104,0.06,12675922,1.11,92.0,78.15,58.96,1,0.75,0.25,0.07,0.22,15.13,-6.96,3.04,489328715,8.3,0.025,Medium
165,Energy,East,State Govt,2018,2023,84170047,79312301,67951759,0.17,7714676,1.17,66.97,85.95,77.52,2,0.84,0.3,0.47,0.13,22.32,10.04,2.02,129656576,13.4,0.062,Medium
166,Water,North,State Govt,2016,2018,97173138,94963443,72716855,0.095,8034275,1.14,85.44,44.75,46.58,3,0.54,0.43,0.62,0.09,15.1,17.48,4.71,155365336,7.5,0.053,Low
167,Public Works,Central,Private Consortium,2018,2021,290027567,278746146,233502592,0.236,22035255,0.96,99.69,42.82,35.88,3,0.63,0.41,0.45,0.25,2.03,21.68,4.11,426372790,7.6,0.101,Low
168,Energy,North,Private Consortium,2015,2017,106432867,112418736,109700026,0.262,7381707,0.97,65.73,41.17,83.9,5,0.82,0.74,0.68,0.15,21.71,13.32,5.33,227546293,11.0,0.066,Low
169,Transportation,South,Central Agency,2020,2025,345835318,281803582,212149808,0.186,30806061,1.25,83.7,51.33,74.11,1,0.18,0.47,0.08,0.16,24.18,26.36,3.13,621051791,3.2,0.104,Medium
170,Public Works,North,Private Consortium,2015,2016,484617968,508846502,388853938,0.295,18340350,1.12,92.22,64.86,99.19,2,0.29,0.24,0.33,0.54,8.68,27.68,7.16,704233544,5.0,0.193,Medium
171,Transportation,East,Private Consortium,2024,2025,263486262,277497772,195333143,0.163,23673900,1.25,95.79,96.15,54.1,3,0.67,0.31,0.23,0.06,19.92,-7.43,3.55,413738846,8.1,0.099,Medium
172,Transportation,North,Private Consortium,2020,2023,486129760,430454488,303150593,0.178,40426251,1.05,85.9,67.42,34.32,2,0.76,0.51,0.39,0.41,12.8,6.09,3.36,815326293,10.2,0.064,Medium
173,Water,Central,State Govt,2015,2019,390535953,366656861,347890442,0.297,31185415,1.15,64.18,57.42,81.4,4,0.79,0.22,0.1,0.3,26.67,-9.06,4.88,552115388,10.6,0.16,Medium
174,Public Works,West,Central Agency,2020,2023,420650227,391861576,360370318,0.108,27300390,1.11,66.31,73.72,66.52,3,0.43,0.59,0.77,0.38,25.36,3.18,4.99,781935876,5.9,0.046,Medium
175,Public Works,North,Municipal Corp,2024,2028,278616816,241157607,194496580,0.286,11060957,1.03,51.04,46.72,44.92,3,0.17,0.55,0.22,0.42,15.76,11.47,3.29,478971237,5.6,0.19,Low
176,Water,Central,State Govt,2022,2024,431874426,396909463,360986516,0.061,23271049,1.09,88.04,76.57,84.72,4,0.45,0.67,0.74,0.25,20.75,26.43,3.63,786780432,7.1,0.029,Medium
177,Energy,Central,Private Consortium,2016,2018,230619227,187566383,153534672,0.162,19253396,1.1,52.14,74.11,44.26,5,0.28,0.85,0.37,0.24,26.5,23.86,3.02,481413053,5.6,0.065,Low
178,Transportation,East,State Govt,2016,2021,485294458,428683220,422625514,0.068,10939642,0.98,93.23,87.52,48.25,3,0.33,0.83,0.79,0.53,14.87,-4.9,6.31,942725511,6.0,0.032,Medium
179,Education,Central,Private Consortium,2018,2022,81247150,84903649,84064445,0.232,6708094,1.03,55.93,99.2,36.48,2,0.72,0.86,0.47,0.62,9.4,-6.28,6.62,163723152,7.8,0.051,Low
180,Transportation,Central,Private Consortium,2017,2022,476501432,421879448,345029100,0.202,18681552,1.22,58.59,55.05,57.96,1,0.16,0.3,0.75,0.18,22.61,13.57,4.77,767429537,5.0,0.149,Low
181,Transportation,Central,State Govt,2018,2019,259594875,271396577,259527474,0.227,8188851,1.27,73.83,70.58,59.33,2,0.76,0.21,0.05,0.11,6.6,11.28,6.28,360695674,7.0,0.12,Medium
182,Energy,Central,Central Agency,2021,2025,222358261,213348268,198824950,0.144,6505336,1.04,86.89,94.53,66.02,5,0.44,0.34,0.61,0.63,11.66,0.66,6.42,343160179,5.2,0.09,Medium
183,Transportation,South,Private Consortium,2015,2018,85441964,90906729,72089034,0.142,1895102,1.02,56.95,87.11,79.63,1,0.58,0.82,0.73,0.28,25.97,25.98,2.83,175661246,8.0,0.037,Low
184,Water,South,Central Agency,2020,2021,218220320,212204829,163315372,0.061,13504983,0.98,72.0,69.24,93.43,2,0.17,0.88,0.15,0.41,21.73,27.09,7.8,453098903,3.9,0.028,Medium
185,Water,East,Municipal Corp,2017,2018,208633872,168764036,141334884,0.137,7815589,1.17,74.14,96.72,39.64,2,0.37,0.79,0.12,0.28,12.11,6.1,6.93,394322554,5.4,0.054,Medium
186,Public Works,North,Private Consortium,2024,2027,63915845,64083691,59880099,0.282,6337546,1.03,60.61,43.43,33.8,4,0.17,0.19,0.37,0.13,6.44,25.61,3.23,78057699,2.3,0.222,Low
187,Education,Central,Central Agency,2021,2022,58006403,47185660,46621807,0.145,3825808,1.3,55.78,95.86,31.3,5,0.87,0.86,0.75,0.43,10.68,5.36,3.12,113197165,11.1,0.022,Low
188,Transportation,North,Central Agency,2024,2028,163122543,152548793,141729075,0.258,5061826,1.03,91.82,43.03,40.05,4,0.75,0.44,0.46,0.39,8.52,19.47,2.75,251774736,8.5,0.104,Low
189,Transportation,North,Municipal Corp,2016,2021,238717614,257535248,246348456,0.261,17927932,1.06,75.12,72.84,76.06,1,0.47,0.11,0.45,0.18,5.28,9.04,2.83,271629497,4.4,0.218,Medium
190,Energy,East,Central Agency,2016,2017,271611918,230750942,203272956,0.143,24939266,1.14,50.72,93.43,80.92,4,0.28,0.45,0.16,0.34,22.3,-5.1,6.49,477698375,5.4,0.083,Low
191,Water,Central,Central Agency,2018,2022,159915333,146636236,139395683,0.208,12731556,1.22,90.15,55.76,85.06,5,0.85,0.14,0.05,0.57,7.56,27.12,4.82,199740948,11.3,0.102,Medium
192,Education,Central,Municipal Corp,2015,2017,395697869,403199545,377123122,0.074,10333724,1.09,99.04,68.33,47.06,3,0.38,0.54,0.66,0.43,13.63,8.16,6.7,688061579,6.9,0.045,Medium
193,Public Works,West,Private Consortium,2017,2021,47937226,51037689,41498523,0.076,4394440,1.07,80.3,59.46,51.41,3,0.23,0.37,0.12,0.11,11.58,19.38,6.48,77101701,2.6,0.054,Medium
194,Water,North,Central Agency,2023,2028,318689032,319097878,276210195,0.062,26615107,1.3,75.19,97.13,63.82,1,0.55,0.48,0.53,0.41,29.46,4.69,5.63,564282380,9.1,0.031,Medium
195,Public Works,North,Central Agency,2021,2025,333465817,292600240,275461455,0.195,10892431,0.9,93.92,89.42,34.42,3,0.86,0.59,0.74,0.51,11.73,-9.24,6.12,596897538,10.7,0.044,Medium
196,Energy,South,Central Agency,2021,2024,386966543,387888435,276881366,0.157,9342483,1.26,97.63,82.54,72.78,4,0.1,0.8,0.21,0.57,2.4,-5.98,2.11,711801081,2.6,0.083,Medium
197,Energy,West,State Govt,2018,2023,344734148,306474963,288829295,0.187,22264601,0.96,87.73,75.26,98.86,1,0.29,0.63,0.55,0.46,2.69,9.85,3.87,578636726,4.7,0.092,Medium
198,Transportation,South,Municipal Corp,2016,2018,265448568,269570657,203085485,0.18,8622529,1.21,72.27,89.24,55.26,5,0.85,0.45,0.11,0.15,17.72,17.6,5.83,458428975,11.5,0.076,Medium
199,Education,South,State Govt,2018,2021,291534963,316668174,270562898,0.138,25295694,1.15,79.61,63.54,82.7,1,0.24,0.76,0.5,0.51,17.98,3.39,2.06,583029913,3.6,0.064,Medium
200,Public Works,South,Municipal Corp,2020,2024,492047548,500126002,471360070,0.219,23946366,1.04,85.05,66.85,65.0,1,0.19,0.82,0.17,0.49,12.56,17.82,2.2,947067280,4.0,0.125,Medium
201,Water,East,Private Consortium,2017,2022,459454217,486499599,377594875,0.24,42743667,1.25,59.71,83.8,38.95,2,0.56,0.2,0.6,0.07,12.96,17.95,7.11,637431311,8.1,0.16,Low
202,Energy,East,Private Consortium,2015,2017,372973233,298613989,231050254,0.054,24338388,0.91,72.36,61.47,70.76,2,0.79,0.53,0.28,0.32,1.62,18.16,6.1,603033653,8.9,0.017,Medium
203,Transportation,South,Central Agency,2022,2025,183061890,185857544,152557322,0.102,6336465,0.99,91.49,43.83,50.99,1,0.48,0.33,0.4,0.27,15.5,9.7,3.59,275479837,5.4,0.062,Low
204,Transportation,West,Municipal Corp,2019,2021,122513996,128502022,124440438,0.228,3818505,1.13,82.74,44.46,32.41,3,0.9,0.14,0.5,0.49,15.14,26.6,6.13,169020264,11.4,0.125,Low
205,Public Works,North,Private Consortium,2019,2023,333204714,270618079,189468603,0.147,22030760,1.04,70.56,46.92,74.45,2,0.64,0.63,0.18,0.19,4.49,9.57,6.75,586876512,9.5,0.061,Low
206,Energy,West,Municipal Corp,2018,2020,113902832,120905500,117328502,0.216,9220512,1.14,83.17,92.18,90.13,5,0.16,0.79,0.61,0.43,3.12,8.01,3.84,222270459,3.2,0.098,Medium
207,Education,Central,Private Consortium,2020,2021,378551773,331993034,247713982,0.137,31238263,0.91,55.91,68.33,54.13,4,0.89,0.23,0.28,0.64,3.71,-2.02,2.22,459199259,9.8,0.056,Low
208,Energy,East,State Govt,2017,2020,360886141,360737322,359664458,0.148,15179084,0.95,70.07,82.77,57.32,2,0.43,0.75,0.55,0.57,3.03,2.31,7.6,667669800,4.1,0.057,Medium
209,Public Works,North,Private Consortium,2023,2025,381424885,396722488,391348524,0.09,13860881,0.95,89.66,63.57,92.37,1,0.33,0.78,0.17,0.65,18.29,-8.31,4.07,747941667,6.3,0.032,Medium
210,Public Works,North,State Govt,2019,2023,109088364,108957387,92439726,0.115,2328000,0.98,61.03,55.52,86.95,3,0.55,0.83,0.57,0.69,5.89,15.34,2.64,212396291,5.8,0.037,Medium
211,Energy,Central,Private Consortium,2017,2021,322117957,266612342,227637903,0.201,23944938,1.08,59.3,60.83,80.05,4,0.34,0.31,0.15,0.06,7.54,-0.06,4.95,436891785,5.1,0.155,Low
212,Public Works,Central,Central Agency,2015,2017,87647696,85798018,72453407,0.158,2289836,1.2,97.54,87.65,47.42,2,0.17,0.82,0.37,0.45,5.21,2.17,6.61,171671843,1.7,0.076,Medium
213,Energy,South,State Govt,2024,2028,244577914,235987138,210177955,0.244,13124270,1.26,60.49,77.51,93.72,3,0.1,0.36,0.24,0.32,28.74,20.83,3.33,402496299,4.6,0.206,Medium
214,Water,East,Private Consortium,2020,2025,219274732,234645097,170637788,0.263,14940190,1.23,63.05,96.26,40.81,3,0.46,0.54,0.61,0.61,25.64,3.09,3.62,394193904,6.3,0.138,Medium
215,Energy,East,Central Agency,2016,2021,149938354,138133995,98045490,0.185,14239452,0.98,98.48,80.78,73.87,3,0.77,0.14,0.25,0.21,6.91,-0.31,3.46,175696626,10.8,0.096,Medium
216,Energy,West,State Govt,2017,2022,292090228,261807577,187797423,0.24,13127753,1.08,86.74,74.21,32.02,1,0.56,0.14,0.71,0.69,9.83,-3.24,7.95,376685792,7.5,0.134,Medium
217,Public Works,South,Central Agency,2015,2016,251102738,257369064,214468113,0.127,10039532,0.98,84.98,76.61,75.06,5,0.9,0.68,0.72,0.45,6.3,20.99,3.18,458346785,11.4,0.029,Medium
218,Public Works,South,Municipal Corp,2023,2025,49929257,46124777,36100220,0.154,3611523,1.01,92.65,96.54,49.4,3,0.33,0.46,0.2,0.57,14.76,-4.81,5.45,82703747,2.9,0.107,Medium
219,Transportation,South,Municipal Corp,2022,2023,451213474,448428969,397582446,0.228,31376989,1.1,55.79,87.29,61.48,4,0.32,0.31,0.51,0.11,0.59,8.15,7.55,639738115,1.7,0.168,Low
220,Transportation,South,State Govt,2016,2020,244749229,243264831,242713273,0.147,11397673,0.93,85.3,41.44,54.17,2,0.23,0.25,0.12,0.17,20.14,10.28,2.88,383225181,3.7,0.09,Low
221,Water,East,Private Consortium,2022,2023,441821721,471163861,384421158,0.197,41640878,0.99,75.18,72.05,42.09,4,0.23,0.64,0.34,0.54,15.69,17.5,7.83,832546436,4.0,0.099,Medium
222,Transportation,East,State Govt,2023,2027,18221252,17849679,15567640,0.096,1595980,1.27,91.46,81.3,73.54,1,0.33,0.1,0.58,0.06,26.96,15.33,7.68,25852705,4.4,0.063,Medium
223,Energy,South,Central Agency,2015,2019,404851676,384870659,317395585,0.2,15351410,1.09,75.41,84.92,91.74,1,0.73,0.74,0.54,0.58,4.93,22.43,7.31,765359004,8.0,0.054,Medium
224,Public Works,West,Private Consortium,2019,2022,382514623,321947792,307196627,0.265,14968334,1.08,81.01,52.79,97.14,4,0.82,0.16,0.52,0.06,24.12,-8.21,3.29,539456946,11.9,0.148,Medium
225,Transportation,North,Municipal Corp,2022,2027,272428580,227401933,220732444,0.267,16613792,0.91,73.89,92.03,43.46,5,0.88,0.25,0.26,0.48,23.76,1.86,5.8,415072774,12.5,0.098,Medium
226,Transportation,North,Private Consortium,2016,2020,464862803,393411749,378936826,0.231,38065647,1.0,73.91,97.35,80.22,1,0.29,0.41,0.33,0.29,3.82,1.21,6.57,667915954,3.5,0.171,Medium
227,Water,West,Municipal Corp,2018,2021,236101296,201053131,199507369,0.236,5553865,1.25,88.4,54.2,76.5,1,0.81,0.49,0.13,0.45,11.96,-4.16,7.92,409146855,11.2,0.085,Medium
228,Water,South,Private Consortium,2021,2026,268472852,266154086,188505163,0.189,20260790,0.97,81.43,92.96,54.04,4,0.36,0.38,0.59,0.5,5.1,1.57,3.08,388364017,3.5,0.128,Medium
229,Energy,East,Private Consortium,2017,2021,367284937,375473325,357429897,0.196,26392681,1.07,81.66,45.82,31.34,1,0.19,0.36,0.43,0.27,7.64,2.39,6.6,553884911,2.4,0.169,Low
230,Public Works,North,Private Consortium,2019,2023,277805375,266414648,246575189,0.083,10700620,0.91,72.51,43.34,78.29,5,0.8,0.87,0.58,0.12,7.9,10.88,4.03,538563677,11.7,0.012,Low
231,Water,Central,Central Agency,2022,2023,473722756,496795574,381841213,0.161,35296249,1.09,76.56,47.75,96.18,5,0.61,0.61,0.24,0.1,16.69,16.55,3.05,868082564,8.4,0.073,Low
232,Transportation,Central,Central Agency,2024,2025,357973987,392833124,387685450,0.163,34084369,0.91,87.29,43.46,74.25,5,0.23,0.12,0.29,0.43,12.34,5.24,4.53,447236661,3.6,0.114,Low
233,Public Works,West,State Govt,2017,2022,46421189,48556739,36148228,0.29,1102172,1.23,91.3,90.7,60.47,2,0.44,0.44,0.3,0.39,28.43,18.78,6.76,83047752,9.3,0.154,High
234,Public Works,South,State Govt,2018,2022,36502745,36811730,33272833,0.158,1663509,1.23,84.83,43.54,66.76,5,0.33,0.8,0.07,0.53,3.79,3.45,4.79,70439357,2.8,0.078,Low
235,Transportation,North,Municipal Corp,2023,2025,356180867,341843807,262353863,0.187,19609230,1.22,96.2,56.3,43.97,5,0.69,0.34,0.31,0.38,29.21,1.61,5.23,614434057,10.8,0.106,Medium
236,Water,South,Central Agency,2021,2022,224069885,209428244,173702759,0.183,20601170,1.01,91.02,46.23,82.54,2,0.46,0.18,0.65,0.32,6.92,11.65,7.97,296544108,7.6,0.125,Low
237,Transportation,North,Municipal Corp,2015,2020,452120934,373143415,341705325,0.209,43847102,1.23,78.09,57.73,82.25,3,0.89,0.71,0.72,0.31,23.19,-9.05,4.39,856366784,11.8,0.044,Medium
238,Public Works,West,State Govt,2018,2022,134181798,123421843,107253260,0.237,7451010,1.12,83.57,45.43,40.19,1,0.14,0.58,0.44,0.07,10.17,-6.81,5.69,254015082,3.2,0.163,Low
239,Education,West,Municipal Corp,2018,2022,157704738,169223553,140159501,0.106,12616737,1.05,96.32,80.08,91.46,5,0.38,0.56,0.39,0.27,4.29,6.72,4.19,272574034,3.9,0.064,Medium
240,Education,Central,State Govt,2023,2025,275646720,287336012,229265843,0.182,17236983,1.15,80.96,48.0,48.84,1,0.49,0.14,0.07,0.68,25.74,27.72,4.36,407937542,6.7,0.106,Low
241,Energy,South,Central Agency,2020,2025,139764119,120870163,115056054,0.256,8808303,0.9,91.24,91.11,98.76,4,0.5,0.21,0.71,0.62,9.27,18.86,6.17,185765484,7.0,0.185,High
242,Transportation,Central,Private Consortium,2023,2027,458859448,431319775,320532834,0.166,19385876,0.96,84.44,89.03,56.8,1,0.35,0.6,0.06,0.26,19.77,-6.47,7.63,856364683,6.2,0.086,Medium
243,Transportation,South,Central Agency,2020,2021,40190179,41999418,34818814,0.12,1501364,1.2,77.6,40.82,42.45,2,0.68,0.27,0.76,0.43,16.99,23.85,5.25,58740466,10.3,0.062,Low
244,Energy,Central,Municipal Corp,2020,2022,76627397,62850968,61036289,0.214,3298075,1.0,62.09,93.74,54.62,1,0.8,0.5,0.42,0.6,14.15,19.29,6.61,135943113,12.0,0.072,Medium
245,Energy,East,Municipal Corp,2019,2024,256016808,234567150,223719560,0.256,16514681,1.14,71.3,41.74,60.81,1,0.85,0.54,0.31,0.34,14.87,14.44,2.54,441149916,11.0,0.079,Low
246,Energy,East,Central Agency,2019,2021,155634485,164280349,134756300,0.066,3475693,1.05,98.39,54.38,34.85,1,0.74,0.33,0.74,0.06,21.97,22.81,3.27,239667522,11.4,0.036,Medium
247,Public Works,East,Central Agency,2016,2017,440457517,405735968,376901331,0.244,40777519,1.24,82.89,41.94,70.48,3,0.78,0.86,0.07,0.1,2.63,6.16,5.01,842005960,9.2,0.045,Low
248,Transportation,East,State Govt,2022,2027,483413435,397986736,376872843,0.255,15712240,1.28,78.22,60.15,71.83,3,0.54,0.77,0.49,0.38,20.05,-1.14,2.12,991812380,8.6,0.103,Medium
249,Public Works,North,Municipal Corp,2022,2024,37270507,35882564,34686463,0.165,1401635,1.25,96.65,70.83,81.73,4,0.76,0.68,0.46,0.68,26.87,10.48,3.52,76845025,10.9,0.04,Medium
250,Energy,East,Municipal Corp,2015,2018,54470459,57658219,49779324,0.296,3347868,1.01,79.33,87.8,32.04,2,0.34,0.16,0.21,0.5,1.73,11.95,5.1,71203359,4.7,0.241,Medium
251,Transportation,West,Central Agency,2022,2023,112374968,109799970,83594918,0.247,8631429,0.98,76.3,60.28,67.89,1,0.42,0.18,0.37,0.1,4.22,11.53,2.09,144497273,5.7,0.194,Medium
252,Public Works,West,Private Consortium,2019,2020,15905950,13804515,10720486,0.243,439931,1.09,87.97,82.33,33.7,1,0.35,0.49,0.54,0.17,21.5,12.6,3.59,27556361,3.9,0.15,High
253,Public Works,North,Municipal Corp,2016,2017,214539475,196361949,154872319,0.237,9743433,0.9,85.63,51.25,79.08,1,0.47,0.23,0.6,0.55,13.12,27.95,5.08,267857111,5.3,0.16,Medium
254,Energy,East,Private Consortium,2016,2019,147246359,137680795,120903115,0.088,14355631,0.91,59.66,85.04,33.9,1,0.33,0.88,0.05,0.6,12.11,26.09,5.44,305230498,4.8,0.035,Low
255,Transportation,East,Central Agency,2020,2023,426871384,415678776,295066622,0.104,17496364,1.12,73.57,54.16,93.82,3,0.87,0.23,0.75,0.45,4.11,25.03,7.55,573441874,9.0,0.054,Medium
256,Energy,East,Central Agency,2023,2027,360532131,370556837,330096752,0.166,16239813,1.11,73.63,48.61,79.15,4,0.35,0.49,0.17,0.47,15.2,22.06,5.87,615689777,5.9,0.109,Low
257,Transportation,Central,State Govt,2015,2017,67563860,56055172,45365803,0.116,5872642,1.3,68.91,51.12,65.52,5,0.18,0.39,0.23,0.07,3.8,27.74,4.49,99780974,3.2,0.07,Medium
258,Education,South,Municipal Corp,2020,2024,306172445,326654037,257590404,0.154,7353390,0.98,75.86,50.92,60.91,2,0.52,0.61,0.25,0.59,14.3,-6.06,7.58,540089183,7.4,0.076,Medium
259,Water,Central,Private Consortium,2023,2025,150641687,121069655,116692863,0.272,8612042,1.0,70.66,70.77,39.15,1,0.15,0.2,0.08,0.56,22.91,0.6,6.71,230071602,2.0,0.217,Medium
260,Water,South,State Govt,2022,2025,255048171,232352888,194711887,0.256,12846608,0.95,59.97,90.69,50.37,4,0.19,0.44,0.14,0.22,7.75,9.8,3.2,404339036,4.1,0.158,Low
261,Water,East,Municipal Corp,2020,2023,201533673,162884773,118664149,0.208,9134904,1.27,70.62,44.78,90.83,5,0.28,0.32,0.79,0.51,14.42,23.86,2.79,307533806,6.2,0.167,Low
262,Energy,East,State Govt,2017,2021,148242461,136070608,128998206,0.265,6353074,1.21,53.61,82.42,93.31,4,0.47,0.81,0.29,0.19,29.76,10.21,6.05,328458383,7.6,0.092,Low
263,Education,Central,Central Agency,2022,2027,165854165,158845794,113462340,0.246,4529465,1.23,78.79,79.26,30.05,3,0.45,0.13,0.14,0.08,20.6,19.92,5.36,235887623,7.1,0.196,Medium
264,Transportation,Central,Municipal Corp,2023,2027,60275547,57473000,52761637,0.157,2723614,1.26,92.68,92.35,71.59,5,0.74,0.83,0.13,0.18,25.24,-4.44,6.74,128403067,10.6,0.031,Medium
265,Public Works,South,State Govt,2015,2017,120465926,102358512,95415725,0.1,2824226,1.11,86.26,54.65,80.35,4,0.69,0.77,0.59,0.17,12.45,0.1,6.43,235105644,9.6,0.022,Medium
266,Transportation,West,State Govt,2023,2027,120004150,119250782,96089988,0.179,9897595,1.08,68.02,67.01,73.31,3,0.44,0.34,0.69,0.27,23.04,19.27,5.75,195664820,6.6,0.109,Medium
267,Public Works,South,Private Consortium,2020,2021,144237403,117327540,111160377,0.234,7479895,1.03,54.35,95.55,35.72,4,0.37,0.73,0.24,0.32,1.22,-3.41,7.92,263688066,4.4,0.089,Low
268,Transportation,Central,State Govt,2020,2022,169457549,174299297,148973230,0.159,9406979,1.14,60.11,79.6,45.24,4,0.35,0.12,0.07,0.38,3.69,4.05,5.2,214155446,5.4,0.133,Medium
269,Education,Central,Municipal Corp,2018,2020,438786569,475641714,399057736,0.217,40143515,1.08,77.27,63.33,47.52,5,0.72,0.87,0.22,0.36,6.09,0.59,2.68,874669863,11.3,0.04,Medium
270,Public Works,North,Municipal Corp,2015,2020,104273359,94047338,67114154,0.074,7574875,1.08,60.35,47.88,88.22,3,0.14,0.52,0.09,0.23,12.06,3.99,6.97,189300474,1.0,0.048,Low
271,Energy,Central,Private Consortium,2024,2027,50365237,48107454,37860988,0.237,1039776,1.27,77.2,55.75,62.42,1,0.11,0.34,0.13,0.07,25.37,18.33,3.51,87725310,2.7,0.153,Medium
272,Transportation,North,Municipal Corp,2022,2024,241442398,220599420,216033672,0.253,23046639,1.29,61.58,74.87,64.08,2,0.74,0.39,0.37,0.44,10.39,4.71,6.66,377752806,8.3,0.101,Medium
273,Transportation,West,Central Agency,2016,2019,331005161,265470480,217034645,0.227,12899786,1.22,92.45,83.09,95.44,5,0.48,0.15,0.22,0.31,19.64,12.21,7.74,408825894,8.6,0.172,High
274,Public Works,South,Municipal Corp,2015,2019,417117528,381980528,330035055,0.292,11933371,1.2,69.86,47.47,74.6,3,0.2,0.89,0.44,0.24,21.28,-6.0,6.18,929305840,3.1,0.113,Low
275,Energy,South,Municipal Corp,2016,2017,124720972,129400013,111233093,0.257,10158554,1.17,62.28,75.98,92.91,4,0.29,0.13,0.24,0.61,17.59,22.2,5.58,166631116,3.1,0.215,Medium
276,Energy,North,State Govt,2015,2020,87906501,86042588,75470478,0.276,5277746,0.97,90.62,73.02,61.96,3,0.85,0.62,0.76,0.54,10.72,4.8,4.76,152838397,11.4,0.085,Medium
277,Education,South,State Govt,2015,2018,290745515,241428671,173442185,0.283,15904258,0.92,67.14,70.84,40.46,2,0.79,0.45,0.73,0.61,17.31,15.94,4.19,479511189,12.2,0.115,Medium
278,Energy,Central,Municipal Corp,2023,2025,144783816,152622679,123418768,0.25,5785596,1.18,55.57,81.41,95.1,2,0.67,0.86,0.48,0.37,10.27,19.02,4.12,286767626,9.3,0.067,Low
279,Energy,East,Private Consortium,2015,2018,493489580,473417189,434094438,0.219,31483509,1.19,78.52,90.25,62.11,1,0.49,0.3,0.32,0.14,2.52,-1.61,5.82,696194257,6.2,0.112,Medium
280,Energy,North,State Govt,2018,2020,452766563,476544508,362253921,0.051,18993905,0.92,79.08,59.38,42.71,1,0.52,0.53,0.34,0.5,29.78,25.39,6.51,819786043,8.4,0.022,Medium
281,Water,South,Private Consortium,2024,2027,154369335,150365991,114439573,0.166,14221528,1.27,85.73,93.34,51.17,2,0.88,0.49,0.36,0.18,3.82,14.65,6.07,236318564,12.2,0.061,Medium
282,Education,North,Municipal Corp,2020,2022,209718506,202987912,142706019,0.193,7804959,0.94,62.01,49.64,33.56,5,0.87,0.66,0.6,0.34,2.17,7.15,3.19,363454796,9.7,0.049,Low
283,Transportation,North,Municipal Corp,2021,2025,279093459,232087912,192921818,0.126,25327288,1.01,72.19,50.38,62.78,5,0.27,0.15,0.39,0.09,26.36,-2.71,4.96,418292394,4.7,0.105,Medium
284,Public Works,East,Central Agency,2016,2018,145022841,123299567,118961927,0.13,9390581,1.17,64.12,56.01,89.72,4,0.75,0.26,0.69,0.59,9.06,27.69,6.75,209580801,9.1,0.069,Medium
285,Transportation,Central,State Govt,2020,2022,276257258,301564516,215790606,0.29,23835213,0.97,54.05,47.17,95.35,1,0.26,0.27,0.76,0.13,19.51,20.2,4.85,407736755,3.1,0.206,Low
286,Education,North,Municipal Corp,2021,2022,71183416,61826072,46823086,0.273,5483093,0.92,93.83,53.82,95.28,4,0.27,0.69,0.3,0.64,9.87,-1.68,5.22,127596731,3.5,0.116,Medium
287,Public Works,South,Central Agency,2024,2026,421975188,461318312,365837121,0.262,31958547,1.03,86.44,46.38,38.77,1,0.64,0.25,0.47,0.61,11.74,3.51,6.63,594851527,9.5,0.162,Low
288,Education,West,State Govt,2024,2025,149245763,143212325,131686228,0.152,6857494,1.21,65.07,89.31,56.74,2,0.42,0.56,0.12,0.35,7.86,22.39,5.97,255075464,6.1,0.083,Medium
289,Energy,North,Municipal Corp,2016,2021,289986865,243802604,217518410,0.053,11225900,1.07,79.97,48.34,31.98,5,0.85,0.27,0.2,0.53,10.29,17.83,4.46,433223795,11.4,0.023,Low
290,Public Works,North,Municipal Corp,2016,2017,165029408,136939861,112945693,0.07,6084782,1.16,60.06,84.84,89.86,5,0.17,0.79,0.36,0.45,12.32,20.63,7.37,310892792,2.9,0.042,Medium
291,Energy,East,State Govt,2024,2028,103878234,89611516,83134457,0.128,9201049,1.13,94.51,42.87,55.11,2,0.51,0.85,0.2,0.57,21.61,7.65,2.98,216959120,7.9,0.038,Low
292,Transportation,Central,State Govt,2021,2022,428086406,461344952,407316523,0.054,36658813,0.91,55.75,96.91,74.18,4,0.83,0.51,0.71,0.33,15.35,18.66,7.97,719764064,10.1,0.016,Low
293,Transportation,West,State Govt,2015,2020,381190853,352313765,341325888,0.054,21059224,1.3,50.19,82.67,80.04,4,0.82,0.38,0.17,0.56,28.31,5.46,2.71,613502164,11.3,0.025,Low
294,Public Works,South,Municipal Corp,2022,2026,116658430,107165966,101315564,0.279,3568857,0.92,75.1,40.41,60.09,3,0.23,0.29,0.39,0.35,1.26,-1.55,2.09,159711826,3.0,0.232,Low
295,Public Works,West,Municipal Corp,2017,2020,490109966,438139625,339928035,0.227,24789850,1.29,79.16,85.83,51.45,1,0.39,0.14,0.5,0.66,15.09,15.31,7.34,681928058,5.9,0.167,Medium
296,Education,South,Central Agency,2020,2023,103730769,87561066,68422982,0.127,7214213,1.12,78.95,70.84,97.35,4,0.6,0.31,0.57,0.37,17.53,29.04,3.47,160496019,8.5,0.059,Medium
297,Education,Central,Private Consortium,2023,2024,471488799,446195951,329117231,0.083,26569455,1.29,52.73,86.76,97.51,2,0.23,0.62,0.34,0.35,27.61,2.42,6.38,947353480,4.2,0.042,Low
298,Energy,South,State Govt,2020,2021,176600439,148170299,118697659,0.178,14554550,0.95,65.7,71.35,50.26,4,0.87,0.53,0.7,0.56,1.47,8.44,6.87,280144116,10.2,0.057,Medium
299,Public Works,East,Municipal Corp,2023,2028,217535306,228552179,228520907,0.051,21712160,1.1,74.96,78.46,63.57,5,0.83,0.86,0.48,0.58,17.2,16.96,7.15,451862207,14.2,0.008,Medium
300,Transportation,East,Municipal Corp,2021,2026,389651219,355018666,291727838,0.285,13751012,0.97,60.83,87.18,98.1,1,0.23,0.42,0.38,0.41,25.61,11.66,7.95,725488866,5.2,0.218,Medium
301,Education,East,State Govt,2023,2025,22834263,20834919,15962601,0.154,1296348,0.92,93.63,64.31,30.34,3,0.2,0.66,0.1,0.17,7.26,23.74,3.76,40028070,3.2,0.104,Medium
302,Education,East,Private Consortium,2016,2021,268420366,252906186,234885322,0.151,14623195,1.15,54.36,40.16,58.89,1,0.17,0.49,0.4,0.35,26.29,20.47,6.26,497575424,3.4,0.113,Low
303,Transportation,West,State Govt,2022,2024,40647215,37933538,32726830,0.148,1803086,0.98,74.37,91.0,37.03,5,0.83,0.51,0.67,0.68,0.57,-7.67,2.69,62719346,9.5,0.047,Medium
304,Education,Central,Private Consortium,2022,2026,275525446,302652962,225440270,0.067,9876937,1.14,84.57,62.85,65.64,5,0.25,0.31,0.51,0.54,21.97,29.94,4.44,409417441,4.2,0.054,Medium
305,Energy,South,Municipal Corp,2016,2017,89232916,85986117,70010490,0.21,2253610,0.94,63.09,69.76,31.73,5,0.43,0.46,0.67,0.58,27.99,20.1,7.09,152815066,7.2,0.109,Medium
306,Public Works,South,Private Consortium,2018,2022,234445865,193760249,159724501,0.233,21327433,1.03,81.21,40.47,58.48,5,0.46,0.48,0.42,0.07,19.72,24.56,4.21,395486159,4.8,0.108,Low
307,Transportation,East,Central Agency,2021,2026,344442137,338263948,313282786,0.219,18457929,1.21,91.47,69.53,45.45,2,0.58,0.67,0.14,0.35,13.17,16.05,5.55,656263390,6.2,0.067,Medium
308,Public Works,East,Municipal Corp,2018,2022,198090859,167480926,118275266,0.085,11836253,1.07,59.52,99.19,67.33,3,0.16,0.85,0.06,0.47,1.35,24.25,5.02,387389909,1.3,0.04,Low
309,Education,North,Central Agency,2018,2022,171976183,139177107,108656388,0.195,16054899,1.15,95.86,56.7,99.72,5,0.28,0.36,0.28,0.59,27.6,-5.5,5.88,299918228,5.2,0.153,Medium
310,Education,Central,State Govt,2020,2024,53627391,58519423,50050427,0.192,4402982,1.16,77.68,63.73,86.04,5,0.85,0.13,0.57,0.08,14.11,3.91,7.84,69923178,10.7,0.088,Medium
311,Transportation,West,State Govt,2024,2029,464497592,479390159,374237856,0.267,14139353,1.24,64.96,81.23,89.19,4,0.83,0.5,0.64,0.6,0.87,25.06,2.33,747782076,11.5,0.08,Medium
312,Energy,South,State Govt,2020,2024,466542521,510412772,453517170,0.145,30434246,1.03,71.54,88.89,74.47,3,0.73,0.54,0.27,0.41,20.69,-1.93,5.44,815846831,8.5,0.064,Medium
313,Water,North,Private Consortium,2024,2026,459042452,433043909,365731670,0.143,25421854,1.17,65.61,65.04,32.91,1,0.12,0.23,0.42,0.18,14.46,-6.87,7.18,670994545,1.5,0.095,Medium
314,Transportation,North,Municipal Corp,2017,2022,38046417,36512281,29520656,0.205,3187410,1.28,86.26,58.58,44.48,3,0.36,0.71,0.37,0.26,3.73,21.52,4.89,68256817,6.1,0.106,Medium
315,Water,South,State Govt,2023,2027,95749316,81434897,80194040,0.208,7462568,1.19,89.82,96.27,94.75,3,0.6,0.89,0.36,0.23,6.43,23.42,2.47,188457898,7.7,0.049,Medium
316,Water,West,State Govt,2024,2029,135303938,118265414,105214571,0.167,10179247,1.1,91.65,80.63,55.63,3,0.32,0.86,0.22,0.4,1.93,-3.49,5.36,270138228,4.8,0.056,Medium
317,Energy,North,Municipal Corp,2016,2019,440165590,462862624,342047338,0.161,20795001,1.15,99.29,47.14,37.25,5,0.83,0.26,0.15,0.08,17.23,24.17,3.99,631479954,13.0,0.086,Low
318,Water,North,State Govt,2020,2022,323951961,293777680,255007108,0.174,27340605,1.2,89.56,44.14,79.17,5,0.61,0.8,0.2,0.15,18.66,17.47,2.93,631290265,7.7,0.044,Low
319,Water,Central,Central Agency,2021,2025,294286884,308425747,288137365,0.265,7119183,1.14,80.07,69.01,50.96,2,0.16,0.66,0.09,0.58,15.17,10.8,7.09,555395700,2.7,0.16,Medium
320,Energy,West,Municipal Corp,2023,2026,290591319,294283025,268547065,0.165,9522675,0.91,66.96,53.21,48.82,1,0.83,0.46,0.2,0.14,24.51,23.21,5.13,505487239,11.1,0.053,Medium
321,Water,North,Municipal Corp,2017,2020,389087152,331950200,249502656,0.285,18228679,0.98,77.23,55.24,99.86,4,0.87,0.53,0.06,0.2,25.83,6.77,7.6,792048051,10.0,0.071,Medium
322,Water,West,Municipal Corp,2024,2029,391962130,373239631,370151446,0.176,10247691,1.22,52.05,92.66,90.07,3,0.16,0.78,0.52,0.34,18.47,-2.24,6.84,810010838,2.7,0.076,Low
323,Water,South,Central Agency,2017,2020,262109170,262952164,219471471,0.287,10169715,1.01,87.24,45.37,58.56,1,0.53,0.48,0.29,0.39,0.38,1.39,6.16,400777023,7.2,0.12,Low
324,Transportation,East,Municipal Corp,2021,2023,426634712,371390279,277691298,0.258,36866392,1.19,72.3,82.92,98.62,1,0.34,0.4,0.78,0.55,20.86,10.21,2.03,671792133,5.9,0.135,Medium
325,Transportation,North,Central Agency,2018,2020,319392212,335108401,252691414,0.141,30616976,1.05,51.0,56.27,75.51,2,0.41,0.49,0.2,0.34,12.54,11.25,4.57,501973647,6.3,0.085,Low
326,Transportation,Central,Municipal Corp,2022,2023,476121087,458718050,334621284,0.266,21124630,1.11,53.13,85.62,81.94,4,0.24,0.56,0.31,0.56,16.97,22.22,3.18,815861721,3.6,0.158,Low
327,Energy,South,Private Consortium,2021,2023,406666763,345492945,325128013,0.078,16738918,0.93,69.37,83.34,32.21,3,0.56,0.25,0.32,0.45,19.47,21.65,7.46,620728528,7.3,0.043,Medium
328,Education,West,State Govt,2019,2022,437376632,426396435,314087514,0.281,18541013,0.97,79.17,40.44,38.51,4,0.87,0.82,0.06,0.12,10.51,13.25,3.05,886841759,12.3,0.043,Low
329,Water,South,Private Consortium,2021,2023,259174460,285069653,210249581,0.208,10941704,1.28,73.21,70.55,74.32,2,0.5,0.64,0.68,0.15,27.51,21.23,3.72,520351605,7.2,0.105,Medium
330,Water,North,State Govt,2017,2022,104640288,88437414,84470242,0.064,2393585,1.26,80.96,48.36,92.93,5,0.17,0.61,0.07,0.33,4.02,-2.33,5.1,178858771,2.5,0.045,Low
331,Energy,West,Central Agency,2016,2017,122729265,128255405,103037984,0.211,11555366,1.16,74.01,91.97,73.66,1,0.6,0.18,0.76,0.31,20.15,-8.0,3.58,171906139,8.5,0.14,Medium
332,Water,East,Private Consortium,2020,2023,418056436,360445207,255648420,0.294,15508159,1.08,83.09,92.3,39.38,3,0.37,0.58,0.72,0.53,0.13,24.95,3.26,681716069,5.9,0.177,High
333,Transportation,South,Municipal Corp,2016,2017,440857923,456162966,326415890,0.067,23630128,1.17,60.96,65.1,38.1,5,0.78,0.2,0.45,0.43,27.74,-6.98,5.59,663128754,12.1,0.032,Medium
334,Education,North,State Govt,2017,2020,194640382,198605863,147494870,0.189,4043644,1.15,55.64,66.66,89.09,2,0.45,0.16,0.46,0.3,3.38,-0.13,2.53,254582486,4.3,0.125,Low
335,Public Works,Central,State Govt,2020,2025,14151785,12597166,9624461,0.237,1254363,1.13,79.82,58.2,39.75,4,0.25,0.52,0.54,0.16,2.85,17.81,2.35,22138267,2.0,0.152,Medium
336,Water,West,Private Consortium,2019,2020,391565944,351527126,316214067,0.253,30735024,0.92,74.23,83.0,66.42,1,0.25,0.42,0.34,0.2,9.99,6.38,4.23,610901036,4.2,0.176,Medium
337,Transportation,South,Central Agency,2022,2026,442142662,458836384,342841575,0.153,42330951,1.15,51.34,61.52,32.6,3,0.72,0.57,0.54,0.42,11.21,25.05,6.32,723153880,9.2,0.054,Low
338,Public Works,South,Private Consortium,2023,2026,262346965,246195220,181116546,0.101,21651295,1.21,69.02,56.07,35.65,5,0.31,0.17,0.08,0.33,6.43,1.92,5.33,335590150,3.7,0.074,Medium
339,Education,East,Central Agency,2017,2021,272949878,278202909,258566164,0.061,12309089,1.3,55.31,65.93,77.06,5,0.71,0.44,0.09,0.38,17.55,-9.53,4.54,466067305,10.6,0.03,Low
340,Public Works,East,Central Agency,2024,2025,203726752,172025900,155049797,0.195,8114409,0.9,76.57,45.49,78.24,1,0.26,0.24,0.39,0.16,13.29,2.03,5.39,279770322,4.2,0.164,Low
341,Transportation,Central,State Govt,2017,2021,110463184,116623421,96867094,0.163,8375020,1.19,69.79,84.8,53.9,4,0.36,0.89,0.46,0.48,1.03,13.12,4.19,210357672,4.4,0.06,Medium
342,Public Works,Central,Private Consortium,2017,2021,463191319,469335744,405878233,0.287,22756136,1.13,80.66,40.76,45.09,2,0.47,0.55,0.72,0.6,9.59,5.04,7.62,815503955,7.0,0.153,Low
343,Energy,North,Private Consortium,2020,2021,449845436,482271573,382728408,0.065,29373647,1.07,90.28,78.67,86.96,4,0.85,0.65,0.13,0.22,24.31,11.39,2.33,828858567,11.3,0.015,Medium
344,Public Works,North,Central Agency,2015,2020,483046369,405619694,342647287,0.221,9902739,0.95,64.98,50.97,45.2,4,0.85,0.36,0.67,0.37,20.69,25.06,6.04,811778080,13.0,0.074,Medium
345,Water,Central,Private Consortium,2021,2025,134459035,131488075,112028076,0.056,3354868,1.06,98.11,53.94,67.94,4,0.27,0.18,0.21,0.68,21.75,26.5,7.35,193637435,3.7,0.041,Medium
346,Water,Central,Municipal Corp,2015,2019,430109241,421393582,343929298,0.093,27023520,1.04,76.78,78.14,97.77,1,0.39,0.88,0.35,0.27,20.94,0.64,6.82,919976328,6.6,0.033,Medium
347,Energy,West,Municipal Corp,2019,2024,192732842,174623321,169728920,0.163,12582704,1.02,80.91,99.58,40.35,1,0.22,0.33,0.29,0.44,9.33,8.49,3.1,269276242,4.6,0.096,Medium
348,Transportation,East,Private Consortium,2024,2028,300633384,281855801,198657199,0.164,24085615,1.19,84.03,86.66,95.86,2,0.51,0.44,0.35,0.11,2.99,11.97,3.78,458647378,4.9,0.097,Medium
349,Water,North,Private Consortium,2022,2026,189100070,153434750,143408001,0.221,5778373,1.18,83.34,53.55,42.8,4,0.47,0.62,0.16,0.44,8.17,27.96,6.3,356954325,5.8,0.095,Medium
350,Education,East,Central Agency,2018,2022,365774037,374464100,276097942,0.278,22332204,1.14,75.55,50.56,69.72,1,0.82,0.12,0.43,0.11,24.95,29.94,2.51,524309474,12.5,0.152,Medium
351,Water,East,Municipal Corp,2019,2021,219760432,212024149,199146694,0.21,7813760,1.28,71.44,91.97,56.39,2,0.84,0.75,0.65,0.67,29.41,-0.58,6.87,454430726,13.1,0.035,Medium
352,Water,Central,Municipal Corp,2018,2023,196995216,161008586,142456142,0.288,5408639,1.04,52.69,66.65,97.55,2,0.41,0.53,0.38,0.52,14.82,19.08,6.31,354065825,5.6,0.133,Low
353,Transportation,West,State Govt,2018,2022,494902497,496994334,473627364,0.27,26150481,1.0,51.1,48.22,49.15,4,0.49,0.32,0.42,0.56,0.29,5.12,6.38,679712094,5.2,0.185,Low
354,Public Works,South,Central Agency,2022,2027,361007685,339359723,247479536,0.196,11937416,1.16,67.9,91.73,57.98,3,0.82,0.15,0.69,0.51,4.2,-9.68,2.6,464269804,11.0,0.106,Medium
355,Water,West,State Govt,2016,2019,444423277,360133237,312485517,0.258,16773671,0.98,66.68,88.97,98.8,4,0.75,0.23,0.58,0.43,9.66,-9.63,6.31,635535222,10.7,0.156,Medium
356,Energy,West,Municipal Corp,2015,2018,367773509,401197618,341148911,0.211,16698523,1.03,69.38,99.03,67.55,3,0.1,0.82,0.42,0.34,17.36,8.42,6.08,699959304,1.1,0.137,Medium
357,Public Works,East,Central Agency,2017,2021,426262753,462381548,421626293,0.07,17370664,0.99,56.92,94.58,65.18,2,0.36,0.65,0.24,0.61,2.25,9.53,6.99,720809821,3.2,0.033,Low
358,Education,West,Private Consortium,2023,2028,481141952,458947222,394826405,0.235,12994346,0.93,86.91,91.11,48.04,1,0.44,0.3,0.71,0.67,28.3,-9.1,2.25,795156160,7.2,0.137,Medium
359,Transportation,North,Central Agency,2018,2023,240341449,199027168,171605279,0.074,6535677,1.23,92.85,43.15,79.1,5,0.28,0.15,0.48,0.37,10.95,17.48,2.14,310274854,4.7,0.066,Low
360,Education,East,Private Consortium,2024,2029,185125332,190010116,157495354,0.199,6564535,1.0,96.94,46.26,31.01,2,0.26,0.65,0.22,0.66,27.38,1.76,4.24,354970445,4.5,0.13,Low
361,Public Works,North,Private Consortium,2019,2021,78546052,74428615,58995866,0.226,1888619,1.09,74.62,74.14,33.47,1,0.13,0.56,0.25,0.43,23.42,12.4,2.89,140544849,3.6,0.156,Medium
362,Public Works,South,Central Agency,2016,2019,313646209,279375418,235982635,0.067,21991793,0.92,85.04,71.89,71.96,2,0.61,0.42,0.65,0.4,22.66,2.04,5.35,504480493,8.0,0.036,Medium
363,Public Works,East,Private Consortium,2018,2023,178310805,168936195,124260631,0.108,7664892,1.18,92.78,67.48,53.92,4,0.31,0.39,0.08,0.35,18.2,-3.31,7.5,293058676,2.7,0.078,Medium
364,Education,South,State Govt,2016,2021,439390959,420379937,415526231,0.279,18621247,1.03,70.91,63.81,96.73,3,0.14,0.27,0.79,0.19,18.8,6.29,4.35,709840416,2.4,0.208,Medium
365,Public Works,East,Municipal Corp,2016,2018,401230520,388717548,355413483,0.204,18681238,1.2,65.47,65.87,93.22,2,0.28,0.64,0.15,0.05,19.14,-0.71,7.07,777598256,4.6,0.113,Medium
366,Education,Central,Private Consortium,2018,2020,199074497,185610514,182963733,0.112,14537156,1.06,96.84,74.16,79.96,1,0.74,0.88,0.65,0.21,18.86,11.39,2.0,436906039,9.8,0.024,Medium
367,Public Works,West,State Govt,2020,2025,429027785,421187984,323480044,0.223,38462645,0.98,75.78,40.12,87.27,4,0.78,0.24,0.35,0.38,16.61,-2.05,3.01,635356427,9.2,0.117,Low
368,Energy,Central,Private Consortium,2021,2022,384931553,414040236,399052934,0.199,31074352,1.11,74.86,55.64,76.71,5,0.49,0.58,0.42,0.3,29.59,10.34,2.18,749391245,5.8,0.075,Medium
369,Public Works,South,Municipal Corp,2024,2029,490980111,446144016,420551855,0.175,38395792,0.95,58.92,71.1,38.79,4,0.43,0.44,0.71,0.34,21.97,-3.7,3.97,882501389,6.0,0.092,Low
370,Education,West,State Govt,2017,2022,167906799,170881257,154330677,0.294,9864741,1.08,55.41,83.33,83.59,3,0.88,0.46,0.36,0.69,23.31,16.84,7.45,299510373,12.9,0.083,Low
371,Water,East,Municipal Corp,2017,2019,375769138,401447610,356288269,0.221,28372240,1.03,92.11,50.45,44.71,4,0.26,0.3,0.45,0.28,26.17,20.16,2.58,594283562,6.0,0.142,Medium
372,Public Works,West,Municipal Corp,2024,2026,121555196,113872151,90524363,0.144,7806394,1.26,80.71,72.81,52.64,5,0.27,0.76,0.09,0.34,6.47,-5.58,5.64,234943984,4.8,0.081,Medium
373,Water,North,State Govt,2020,2025,205128405,191392340,180851069,0.25,7651298,0.92,66.29,82.87,87.35,1,0.33,0.49,0.05,0.14,2.51,8.71,4.71,335000839,3.3,0.12,Medium
374,Energy,West,State Govt,2017,2022,184322251,180752868,153722115,0.271,6762243,1.18,59.59,66.68,67.56,2,0.24,0.53,0.23,0.08,14.49,-7.17,7.63,319228236,2.6,0.148,Low
375,Transportation,North,State Govt,2016,2021,277460951,271196445,195605174,0.081,12128195,0.97,77.77,41.62,90.2,3,0.4,0.34,0.56,0.55,15.42,13.93,2.74,413224157,6.3,0.047,Low
376,Energy,West,Central Agency,2022,2024,168785518,175870594,139616445,0.1,15674134,1.03,79.2,66.96,44.91,5,0.83,0.25,0.14,0.42,24.88,0.58,3.27,258894330,12.1,0.049,Medium
377,Public Works,North,State Govt,2019,2024,63698471,60064155,58898258,0.104,4063528,1.07,60.35,57.79,72.54,3,0.59,0.17,0.14,0.54,13.31,11.1,2.18,86961843,8.3,0.065,Medium
378,Water,South,State Govt,2015,2020,490761125,539266425,515109489,0.223,38629000,1.26,92.57,95.78,35.87,4,0.43,0.67,0.36,0.15,17.13,10.7,4.6,946428848,4.2,0.089,Medium
379,Water,Central,State Govt,2017,2021,252251707,206301907,205182040,0.201,12038637,1.0,54.21,47.48,75.01,3,0.85,0.26,0.54,0.42,15.81,26.97,3.67,348251215,10.3,0.078,Low
380,Education,East,State Govt,2024,2025,465152186,372563808,330984947,0.205,24475034,0.94,67.8,79.15,83.38,5,0.14,0.65,0.58,0.21,1.15,11.96,7.22,851831234,1.7,0.111,Medium
381,Water,West,Private Consortium,2022,2025,371807497,368855157,285587220,0.285,11171047,1.03,84.02,43.16,70.95,2,0.27,0.41,0.18,0.2,18.46,13.32,5.63,602738556,4.8,0.188,Low
382,Education,Central,Central Agency,2018,2019,452647138,402643423,301517318,0.244,15255836,0.94,63.71,66.77,48.64,2,0.55,0.43,0.11,0.06,24.84,6.07,5.68,780646579,8.9,0.112,Medium
383,Transportation,East,Municipal Corp,2021,2025,233151807,203335122,153736466,0.082,20095010,0.95,91.38,73.24,32.19,3,0.59,0.48,0.76,0.13,4.73,27.96,5.19,356576331,7.5,0.045,Medium
384,Public Works,East,State Govt,2024,2027,198934386,177761744,125488894,0.137,13286248,1.13,86.99,57.88,38.36,1,0.13,0.39,0.25,0.25,17.83,21.09,2.55,344732161,3.0,0.099,Medium
385,Education,North,Private Consortium,2016,2021,165813694,145387812,118811594,0.159,7793674,0.92,89.45,67.3,73.56,3,0.42,0.18,0.69,0.13,17.81,1.42,4.67,235021643,6.2,0.091,Medium
386,Transportation,South,Private Consortium,2021,2025,337979967,273505899,207161109,0.149,28467409,0.91,55.96,49.81,95.41,4,0.62,0.35,0.7,0.69,4.93,23.77,8.0,484792548,8.4,0.084,Low
387,Water,South,Private Consortium,2019,2024,395591327,431772075,355562852,0.217,15713517,1.19,57.03,58.25,44.46,2,0.66,0.63,0.63,0.25,3.7,7.3,7.01,704681268,8.4,0.072,Low
388,Water,Central,Municipal Corp,2019,2021,47026182,40735190,39940786,0.273,4612450,1.04,64.32,77.27,81.45,2,0.61,0.63,0.18,0.13,29.4,23.15,7.36,95872626,9.2,0.11,Medium
389,Transportation,South,State Govt,2020,2024,180537491,184185960,152720010,0.127,8590950,0.95,75.9,58.11,90.65,2,0.36,0.33,0.67,0.18,11.81,22.92,6.94,272088490,4.7,0.076,Medium
390,Water,West,Central Agency,2023,2025,202619673,208450848,200820577,0.188,9520060,1.0,87.4,93.98,66.46,1,0.17,0.47,0.63,0.43,6.82,-2.45,2.62,325107612,2.6,0.131,Medium
391,Transportation,South,Central Agency,2020,2024,354521086,382449271,337186947,0.247,15936769,1.16,91.83,77.7,76.85,1,0.44,0.25,0.5,0.09,5.14,18.05,3.36,460358904,6.1,0.179,High
392,Education,Central,Private Consortium,2022,2026,46185155,37371403,28930678,0.154,1374882,1.01,85.22,66.32,87.05,5,0.2,0.27,0.3,0.61,20.03,1.63,2.02,67620589,3.9,0.138,Medium
393,Education,South,Municipal Corp,2021,2023,38997485,41400295,33399954,0.092,1126675,1.1,96.43,42.33,48.25,3,0.86,0.12,0.25,0.67,18.28,1.9,3.82,48316754,11.8,0.043,Low
394,Transportation,West,Municipal Corp,2023,2026,27642355,26486015,19207019,0.169,1986059,0.95,86.94,69.97,50.78,3,0.48,0.82,0.14,0.21,19.31,1.85,2.65,54477049,8.3,0.055,Medium
395,Education,North,Municipal Corp,2018,2019,93261653,92306955,73849143,0.064,8394429,1.14,65.31,85.89,30.04,4,0.35,0.27,0.43,0.34,2.64,19.02,4.84,133710750,4.7,0.043,Medium
396,Education,Central,Central Agency,2016,2021,87076110,86496277,78128825,0.286,7248358,1.03,63.25,55.93,97.42,2,0.71,0.28,0.49,0.06,26.81,-0.81,6.06,147401268,9.5,0.168,Medium
397,Education,North,Private Consortium,2021,2025,353087479,369308085,266505022,0.069,11047615,1.15,84.81,88.41,94.23,1,0.5,0.32,0.32,0.47,11.68,-9.96,7.25,535358585,7.6,0.047,Medium
398,Energy,North,State Govt,2020,2025,15384935,13846782,10545992,0.16,979198,1.22,59.64,55.11,83.52,4,0.35,0.2,0.41,0.32,9.4,18.61,6.5,22216413,3.4,0.097,Low
399,Public Works,North,Central Agency,2015,2017,22155092,22596318,18403171,0.182,630253,1.14,54.64,89.42,35.54,4,0.75,0.61,0.32,0.23,13.87,-3.15,7.63,40287487,8.7,0.05,Low
400,Water,East,Private Consortium,2023,2028,158731982,152156260,151336878,0.296,3749816,1.02,76.61,45.12,61.33,1,0.79,0.16,0.53,0.18,11.7,-5.82,2.32,204478152,10.6,0.155,Low
401,Energy,East,Private Consortium,2023,2025,29678933,30807272,28818926,0.092,2152045,1.0,91.08,91.97,37.13,3,0.64,0.21,0.73,0.48,25.91,-0.5,2.07,44221353,9.7,0.044,Medium
402,Education,North,State Govt,2016,2021,167280883,183534530,168860215,0.079,10507278,1.03,55.07,69.95,31.11,2,0.14,0.62,0.17,0.32,27.88,5.2,5.97,325866151,2.1,0.046,Low
403,Transportation,Central,State Govt,2017,2018,33593741,28897178,21235302,0.052,892313,0.97,89.59,57.79,73.13,3,0.55,0.37,0.34,0.17,9.1,9.04,3.74,50033368,6.8,0.024,Medium
404,Education,West,State Govt,2019,2020,498751002,547825403,511832599,0.089,11369098,0.97,90.58,55.91,97.26,4,0.71,0.67,0.16,0.5,25.92,-8.22,3.52,1006439108,9.5,0.029,Medium
405,Public Works,West,Municipal Corp,2019,2020,317682684,262705677,245782346,0.102,31507931,1.22,74.11,65.92,93.2,2,0.21,0.55,0.52,0.42,23.45,28.82,3.99,580646667,3.4,0.075,Medium
406,Education,South,State Govt,2015,2016,337445480,270190997,237857459,0.208,7559354,1.05,52.87,99.94,78.77,5,0.28,0.3,0.6,0.61,27.92,18.64,3.62,558766215,6.0,0.176,Low
407,Transportation,Central,Private Consortium,2022,2023,268480807,218341635,217710307,0.105,14917400,1.07,58.73,53.22,36.76,4,0.81,0.62,0.75,0.13,7.37,2.93,5.07,482364072,10.8,0.029,Low
408,Public Works,East,State Govt,2022,2023,482401977,435384533,347252329,0.055,29122376,1.14,85.37,46.19,49.19,3,0.12,0.19,0.26,0.56,17.31,2.75,4.64,690763395,2.4,0.048,Low
409,Education,North,Private Consortium,2018,2020,13133211,13000196,12771155,0.257,385885,1.14,85.59,75.1,52.4,3,0.7,0.53,0.76,0.49,8.24,7.94,5.07,21193375,8.4,0.113,Medium
410,Public Works,South,Central Agency,2021,2025,104542873,85799262,83604460,0.141,3504793,0.93,94.92,69.31,83.42,3,0.48,0.45,0.1,0.12,24.72,15.05,6.04,176642574,5.9,0.064,Medium
411,Water,West,Municipal Corp,2024,2029,259025392,207660590,146077637,0.138,12470622,1.23,79.13,71.45,86.16,1,0.46,0.31,0.5,0.5,0.16,-4.15,4.32,353974513,6.9,0.091,Medium
412,Water,East,Central Agency,2017,2018,126683198,136960664,114366943,0.126,10252986,0.97,56.21,80.02,56.96,4,0.11,0.58,0.09,0.34,16.94,-2.44,3.51,225390361,2.9,0.079,Low
413,Education,East,Central Agency,2020,2022,235544257,246515435,244822187,0.294,14266113,1.19,56.07,56.03,59.25,2,0.76,0.8,0.72,0.66,10.18,24.38,3.0,455346975,9.0,0.058,Low
414,Public Works,North,Private Consortium,2024,2026,290051608,302452750,221073727,0.093,20602989,1.21,86.06,94.64,33.12,3,0.39,0.9,0.45,0.14,9.68,0.25,4.1,590572517,6.0,0.032,Medium
415,Transportation,West,Central Agency,2024,2026,414379383,441449662,381560573,0.275,40946469,1.19,59.19,66.14,50.24,3,0.53,0.59,0.55,0.47,19.35,5.21,6.45,817723504,7.5,0.1,Low
416,Education,Central,Private Consortium,2023,2027,391957373,395880976,393381879,0.244,31921178,1.13,66.42,47.75,61.59,1,0.64,0.42,0.67,0.3,25.54,24.85,6.54,657744065,8.9,0.123,Low
417,Water,East,State Govt,2015,2020,412280322,342737388,297032886,0.069,22571902,0.91,74.36,84.54,38.19,2,0.66,0.28,0.16,0.67,18.28,16.53,6.0,586856840,9.5,0.033,Medium
418,Water,North,State Govt,2019,2023,156974663,144374315,109283357,0.297,8745898,1.04,51.24,78.59,61.73,4,0.86,0.31,0.08,0.26,25.6,3.67,3.4,253088569,11.2,0.114,Low
419,Education,Central,Private Consortium,2018,2021,149289643,151819333,132789534,0.118,10375893,1.14,62.44,58.94,89.72,5,0.53,0.48,0.71,0.68,7.94,17.35,5.53,238774924,6.4,0.05,Medium
420,Public Works,West,State Govt,2022,2024,176222944,155798764,118614611,0.075,12904668,1.05,70.39,77.29,70.69,1,0.42,0.39,0.29,0.64,15.59,-9.21,5.42,285431384,6.1,0.051,Medium
421,Water,East,Municipal Corp,2015,2018,77552809,78035335,66791323,0.257,4657579,1.25,63.98,53.19,35.53,4,0.86,0.83,0.15,0.23,13.52,19.43,4.91,158553825,10.7,0.039,Medium
422,Public Works,Central,Central Agency,2023,2024,217636706,175708893,126899188,0.227,15580371,1.02,56.82,66.69,43.42,5,0.61,0.39,0.4,0.57,0.35,9.48,5.3,329792260,8.1,0.116,Low
423,Water,Central,Municipal Corp,2020,2021,463006085,412927903,364055739,0.204,10131776,1.02,86.4,93.96,63.22,3,0.34,0.4,0.5,0.7,16.7,22.53,4.95,713004119,6.9,0.133,Medium
424,Water,Central,Central Agency,2018,2022,146494515,141328986,120841510,0.089,7964881,1.01,90.66,48.01,55.3,3,0.2,0.41,0.07,0.21,19.85,28.19,5.39,238987693,2.9,0.06,Low
425,Energy,East,State Govt,2023,2028,339410326,335889605,309706476,0.17,14362163,1.03,62.87,63.2,55.11,2,0.77,0.77,0.26,0.33,17.76,27.03,6.29,689423460,8.7,0.034,Medium
426,Water,East,Municipal Corp,2019,2022,319680728,311085216,276620129,0.245,9697181,1.12,88.72,89.27,67.05,5,0.39,0.62,0.07,0.39,22.09,26.37,2.66,609508230,4.0,0.133,Medium
427,Transportation,South,State Govt,2019,2024,106127354,107117191,92643717,0.126,2967715,1.18,69.28,98.17,70.91,3,0.63,0.59,0.37,0.24,17.14,10.49,6.5,205609751,8.4,0.042,Medium
428,Education,West,Central Agency,2019,2023,33278769,26683803,24200438,0.128,2271454,1.17,75.33,67.24,85.78,3,0.48,0.37,0.72,0.06,2.0,4.41,2.82,48696085,5.2,0.062,Medium
429,Education,North,Private Consortium,2015,2016,411184170,341398963,253721760,0.051,25447383,1.22,92.8,70.42,53.87,2,0.26,0.75,0.79,0.19,3.49,8.6,2.4,744414091,3.5,0.027,Medium
430,Public Works,Central,Private Consortium,2015,2020,120002066,127284184,111832889,0.094,4834490,1.25,87.5,74.33,86.38,4,0.58,0.13,0.53,0.23,17.89,17.6,7.86,161243950,8.2,0.053,Medium
431,Water,South,Municipal Corp,2022,2027,293777732,295106956,221812180,0.269,16943925,1.23,90.26,95.94,53.7,3,0.15,0.8,0.17,0.34,8.25,25.36,7.74,566502326,0.7,0.131,Medium
432,Transportation,North,State Govt,2022,2023,394299314,328798111,321451664,0.16,23412935,0.91,56.84,91.49,33.88,1,0.43,0.51,0.73,0.16,2.39,-1.72,2.36,602522674,3.5,0.084,Low
433,Public Works,South,State Govt,2020,2023,313264522,329749231,237584397,0.296,11152442,1.19,53.49,50.24,68.79,1,0.54,0.42,0.44,0.62,12.89,26.73,4.66,509630596,7.5,0.151,Low
434,Energy,East,Municipal Corp,2018,2019,348299383,303950201,252008888,0.149,25135876,0.98,94.67,66.21,71.15,4,0.45,0.5,0.17,0.51,16.63,22.61,3.12,594914562,6.5,0.085,Medium
435,Public Works,Central,Private Consortium,2016,2021,275099531,259550345,235863584,0.229,22688434,0.95,69.39,67.84,95.42,5,0.7,0.63,0.74,0.11,9.86,29.15,4.91,471931714,8.6,0.08,Medium
436,Public Works,North,Central Agency,2016,2019,110200009,92960204,77845494,0.12,9181543,1.16,64.39,87.35,80.82,2,0.76,0.11,0.62,0.47,21.61,25.21,6.98,151454265,8.8,0.072,Medium
437,Water,North,Municipal Corp,2023,2026,413881991,419276121,305077287,0.141,28225752,1.03,86.23,76.17,94.24,1,0.72,0.8,0.6,0.47,19.31,1.2,7.7,873823564,10.2,0.037,Medium
438,Energy,North,Central Agency,2019,2020,169506327,169515874,146803070,0.098,10328204,0.92,91.82,79.25,93.58,1,0.13,0.46,0.58,0.67,9.98,-5.76,5.81,276782712,3.4,0.063,Medium
439,Public Works,North,Private Consortium,2018,2023,468148347,404168263,360715961,0.137,11647798,0.96,93.12,99.89,72.32,4,0.26,0.37,0.2,0.05,22.65,-5.51,4.12,782042537,4.7,0.087,Medium
440,Transportation,North,State Govt,2024,2028,194058331,205511698,187249454,0.187,8349651,0.9,65.8,44.5,66.94,5,0.53,0.21,0.21,0.21,19.46,1.65,5.62,287313175,6.7,0.115,Low
441,Transportation,South,Private Consortium,2015,2020,42134440,38780193,31488661,0.298,1157084,1.26,92.61,53.38,69.02,5,0.85,0.45,0.57,0.65,19.12,14.57,3.87,74276593,11.4,0.096,Medium
442,Education,Central,Municipal Corp,2021,2023,343260963,304731473,264841511,0.216,33332648,0.91,52.05,64.47,98.48,4,0.77,0.5,0.21,0.66,16.6,22.17,7.46,600527536,8.8,0.095,Low
443,Energy,East,State Govt,2017,2021,123566180,104499779,87278836,0.1,3806630,0.98,52.48,60.87,84.12,1,0.77,0.42,0.38,0.52,0.34,25.97,7.22,182786154,10.4,0.045,Low
444,Energy,East,Municipal Corp,2020,2023,51156180,45009785,40581579,0.061,1644263,1.07,81.18,41.3,37.44,2,0.34,0.64,0.64,0.55,20.9,14.95,5.35,95129335,5.4,0.027,Low
445,Education,East,Municipal Corp,2019,2023,277787335,224065507,196072352,0.082,25324796,1.04,53.16,45.51,84.49,1,0.44,0.44,0.64,0.11,11.28,-9.77,3.95,444875908,4.2,0.037,Low
446,Public Works,East,Private Consortium,2019,2022,215789750,210390096,180457238,0.191,20610998,1.26,66.23,80.86,41.94,5,0.48,0.87,0.39,0.38,28.28,-2.55,3.76,446142104,7.1,0.051,Medium
447,Energy,South,Municipal Corp,2019,2022,85912072,90436994,70075766,0.241,6981758,0.92,83.64,92.76,61.31,1,0.23,0.58,0.64,0.2,24.54,-6.01,2.2,157872717,4.6,0.129,Medium
448,Transportation,West,Private Consortium,2015,2019,100067502,96534532,67632629,0.285,2044618,1.1,66.86,70.85,44.73,2,0.12,0.75,0.68,0.17,17.63,4.53,6.89,198228512,2.2,0.136,Medium
449,Transportation,Central,State Govt,2015,2018,314258958,272079808,204665098,0.054,6319025,1.17,58.98,72.35,78.27,3,0.86,0.19,0.54,0.58,7.57,10.05,4.7,390290382,10.5,0.026,Low
450,Water,North,Private Consortium,2017,2020,182185519,147588626,108495323,0.181,9154469,1.27,64.07,55.31,91.41,1,0.29,0.42,0.22,0.14,6.11,-8.26,3.95,268184906,2.7,0.133,Medium
451,Energy,West,State Govt,2024,2026,104308589,90163136,75261462,0.168,3282761,1.15,72.88,86.07,50.33,4,0.29,0.37,0.26,0.35,10.21,3.94,4.83,162757188,4.7,0.123,Medium
452,Public Works,East,Private Consortium,2018,2023,151857895,140443713,124106941,0.214,3260524,1.22,73.77,85.11,35.74,3,0.17,0.56,0.29,0.66,14.3,-2.83,6.91,270188020,2.2,0.121,Medium
453,Education,West,Central Agency,2019,2024,96717649,99414468,75945247,0.19,5525028,0.93,89.15,75.3,50.89,4,0.84,0.79,0.14,0.17,8.88,15.88,2.75,184757475,8.5,0.034,Medium
454,Education,Central,Central Agency,2016,2018,151539881,129771609,127399012,0.222,14463716,1.05,87.51,52.76,77.07,4,0.56,0.16,0.25,0.69,15.45,8.57,7.15,212750803,7.3,0.142,Medium
455,Public Works,North,Municipal Corp,2022,2026,321827259,326956360,229524881,0.215,14773662,1.05,72.84,45.82,53.01,4,0.63,0.16,0.21,0.7,4.96,9.81,7.39,413919054,8.9,0.146,Low
456,Water,North,Private Consortium,2016,2017,314509395,333405132,310630329,0.079,22924984,1.25,92.28,43.85,49.47,1,0.83,0.78,0.39,0.41,29.33,7.11,7.68,695856317,11.3,0.018,Low
457,Education,Central,Private Consortium,2023,2024,258335813,241849868,214656615,0.25,18646376,0.96,55.71,75.56,42.91,5,0.38,0.27,0.73,0.16,3.24,28.24,4.38,349445215,6.5,0.197,Low
458,Energy,Central,State Govt,2016,2017,195806091,204897288,166390212,0.081,7849162,0.96,62.77,89.5,64.83,3,0.6,0.64,0.13,0.26,27.96,-1.41,3.3,367078386,9.3,0.031,Medium
459,Water,East,Municipal Corp,2023,2025,186241025,179982805,128714106,0.225,13415689,1.03,91.4,91.5,49.32,2,0.13,0.53,0.59,0.33,27.41,10.67,4.24,359873692,3.6,0.162,High
460,Energy,North,Private Consortium,2021,2023,296739206,294106313,261238748,0.154,10975409,0.92,68.9,67.82,81.17,5,0.25,0.77,0.57,0.25,15.76,19.44,4.0,588260181,3.8,0.064,Medium
461,Transportation,West,Municipal Corp,2022,2025,497363407,476416220,388605113,0.178,14801829,0.97,99.06,87.06,35.36,1,0.76,0.2,0.12,0.23,21.75,12.27,3.06,705584974,10.4,0.095,Medium
462,Water,South,Central Agency,2016,2017,470331394,441618516,433174832,0.276,35797234,1.29,73.31,96.81,76.48,4,0.71,0.2,0.74,0.68,13.08,27.16,5.64,624791410,9.1,0.134,Medium
463,Education,South,Private Consortium,2021,2025,495763948,431510973,372220080,0.272,14414468,1.07,89.6,56.51,46.63,2,0.38,0.55,0.48,0.15,18.9,5.12,4.86,893792109,5.4,0.142,Medium
464,Water,Central,Private Consortium,2020,2024,143759234,128083470,125764577,0.254,14340377,1.15,70.12,63.88,64.25,3,0.4,0.86,0.32,0.53,10.22,8.55,7.19,291164081,6.0,0.099,Medium
465,Water,East,Municipal Corp,2018,2019,105289626,93390954,71551022,0.178,3651043,1.19,71.25,95.89,50.03,5,0.53,0.43,0.62,0.05,9.03,-6.46,2.19,170882938,5.9,0.083,Medium
466,Water,South,Private Consortium,2021,2022,125553905,121660061,111649600,0.234,8478824,1.05,69.14,60.29,80.59,5,0.1,0.36,0.24,0.44,17.35,14.36,5.86,197918069,1.2,0.148,Medium
467,Water,North,Municipal Corp,2018,2019,198352362,165819819,146779509,0.178,10494816,0.96,85.95,94.83,96.17,2,0.29,0.59,0.57,0.65,14.94,1.53,6.58,348841952,3.3,0.08,Medium
468,Energy,Central,Private Consortium,2016,2018,476096167,511821236,471808315,0.267,14335690,0.98,77.38,98.86,94.2,1,0.27,0.84,0.08,0.24,17.39,-3.59,6.56,1013408206,6.3,0.096,Medium
469,Transportation,West,State Govt,2024,2026,40284261,40936726,31292048,0.151,895418,1.03,97.19,79.71,70.84,3,0.3,0.77,0.68,0.17,8.6,11.78,7.32,79560165,4.7,0.056,Medium
470,Public Works,Central,Municipal Corp,2021,2023,77480480,71315644,64148304,0.293,5409577,1.15,62.54,89.01,62.38,2,0.74,0.9,0.39,0.47,11.01,11.29,6.37,161054709,9.9,0.044,Medium
471,Water,West,Private Consortium,2022,2027,431390555,365641131,310580007,0.283,36470018,1.06,55.03,84.97,87.28,4,0.32,0.12,0.53,0.51,2.52,-6.97,7.57,540407568,3.0,0.198,Low
472,Education,Central,Central Agency,2016,2020,340779776,362793349,334802932,0.235,29770948,0.9,69.66,81.97,77.83,3,0.25,0.19,0.22,0.5,1.57,17.93,4.0,423945194,3.8,0.163,Medium
473,Water,Central,Private Consortium,2019,2023,153381494,160610889,128185701,0.12,8990774,1.11,80.84,58.42,42.85,5,0.5,0.59,0.56,0.26,7.6,14.95,5.02,264659333,6.4,0.065,Medium
474,Education,Central,Central Agency,2015,2018,264368767,268735204,259871540,0.083,21730170,1.27,93.04,43.43,87.46,2,0.79,0.76,0.63,0.21,2.23,-2.44,2.08,491152102,9.9,0.017,Low
475,Energy,West,Central Agency,2021,2023,498308231,439240823,318577150,0.264,36788985,1.22,67.31,60.58,60.02,5,0.29,0.33,0.4,0.67,3.11,8.78,2.04,703118524,2.7,0.155,Medium
476,Education,West,State Govt,2022,2027,91560164,84302555,79426225,0.091,7136232,1.23,82.69,80.02,43.23,5,0.16,0.29,0.51,0.65,24.39,18.81,3.44,142942928,3.6,0.072,Medium
477,Public Works,Central,Municipal Corp,2020,2025,472289823,392389944,376064909,0.264,28057756,1.22,67.51,46.15,49.73,5,0.39,0.73,0.39,0.35,1.17,11.18,2.6,866608992,4.3,0.133,Low
478,Transportation,South,Private Consortium,2019,2023,135810555,116350512,109971676,0.173,9598131,1.03,80.86,40.72,48.73,1,0.7,0.15,0.72,0.6,19.77,5.82,3.56,171142789,8.8,0.107,Low
479,Education,East,State Govt,2020,2022,312269103,323168853,275927357,0.152,26368650,1.21,94.24,48.38,66.34,5,0.54,0.4,0.42,0.34,8.18,2.89,3.06,502909298,7.7,0.074,Low
480,Education,East,Private Consortium,2016,2019,126412010,128246452,106638912,0.276,6552027,0.96,61.57,82.94,46.41,4,0.75,0.5,0.68,0.33,26.15,14.42,2.17,215219522,9.1,0.105,Medium
481,Transportation,East,Central Agency,2015,2017,281278692,275103423,274794946,0.201,23761949,1.16,70.21,98.37,38.65,4,0.87,0.55,0.65,0.15,14.55,27.56,7.46,488575527,11.8,0.064,Medium
482,Public Works,West,Municipal Corp,2021,2022,290561923,310528762,238719478,0.194,19572642,1.16,99.66,98.98,38.66,3,0.73,0.68,0.36,0.33,9.17,16.87,2.05,520981181,10.0,0.062,Medium
483,Water,West,Private Consortium,2021,2023,218706525,213234477,184247977,0.19,7276821,0.91,93.43,69.64,70.83,5,0.58,0.38,0.22,0.4,15.53,-7.01,6.42,349057616,7.0,0.105,Medium
484,Education,South,Private Consortium,2024,2025,408383469,383917378,345987362,0.143,8974117,1.22,78.23,92.16,81.43,5,0.49,0.59,0.35,0.06,11.46,8.43,2.91,728631376,5.8,0.075,Medium
485,Transportation,East,Central Agency,2024,2025,368475509,332405892,302575884,0.246,18062775,1.26,75.83,84.21,52.51,2,0.13,0.57,0.67,0.34,16.93,25.63,7.47,648307824,2.4,0.184,Medium
486,Energy,East,Private Consortium,2016,2019,469020050,507542801,386345336,0.113,29893324,1.01,64.23,70.06,32.43,1,0.89,0.54,0.22,0.56,3.44,-6.22,7.36,778131859,11.1,0.034,Medium
487,Transportation,Central,Private Consortium,2016,2020,41853087,34521038,30937693,0.285,3648987,1.22,75.86,74.37,38.91,3,0.41,0.61,0.44,0.49,29.91,29.56,5.92,81270627,6.5,0.136,Medium
488,Energy,West,Central Agency,2015,2017,240225419,259267177,245139934,0.273,7254532,0.93,92.41,48.23,94.03,5,0.22,0.31,0.65,0.46,12.77,27.96,6.03,362816581,3.9,0.212,Low
489,Public Works,East,State Govt,2024,2025,32362925,33916811,24250709,0.134,2719019,1.14,84.26,96.26,64.55,2,0.63,0.17,0.32,0.64,10.45,-6.87,2.03,41724546,10.0,0.091,Medium
490,Water,South,Central Agency,2022,2024,309216758,259426359,252540246,0.232,27532883,1.09,64.5,61.12,61.75,1,0.33,0.2,0.53,0.06,21.31,27.34,7.91,461419235,4.7,0.138,Medium
491,Transportation,South,State Govt,2022,2026,405680783,393305615,278795163,0.193,13004097,1.12,60.07,66.77,32.66,3,0.57,0.28,0.23,0.41,10.92,4.53,7.27,581750073,5.8,0.133,Medium
492,Education,East,Municipal Corp,2015,2019,497117952,526927328,425120389,0.134,43809784,1.27,63.26,80.3,81.0,3,0.57,0.5,0.13,0.56,25.0,23.79,7.37,893988994,9.2,0.055,Medium
493,Public Works,West,State Govt,2022,2027,193657022,188146075,132594810,0.297,19233296,1.25,58.49,60.03,66.96,5,0.46,0.77,0.65,0.4,13.63,6.74,5.96,383935448,8.0,0.113,Low
494,Transportation,South,State Govt,2023,2027,483988204,518912766,375248420,0.056,37822277,1.21,54.78,55.26,44.15,3,0.77,0.66,0.12,0.26,21.59,7.63,4.07,950928014,10.9,0.018,Low
495,Education,Central,Municipal Corp,2018,2021,478625270,518300981,504488511,0.113,39621353,1.01,70.96,77.86,37.71,2,0.31,0.73,0.25,0.14,3.22,15.37,7.36,864958856,2.8,0.048,Medium
496,Transportation,South,State Govt,2015,2016,194339988,180097851,145241397,0.18,19347171,1.26,55.66,41.5,56.84,3,0.46,0.38,0.69,0.63,25.38,20.98,3.75,316515493,6.9,0.103,Low
497,Energy,North,Central Agency,2015,2020,440293661,402073572,332688323,0.18,30133037,0.94,58.6,83.24,88.6,4,0.53,0.42,0.31,0.36,22.07,-8.65,5.38,761212302,6.6,0.081,Low
498,Transportation,North,State Govt,2017,2020,51537804,55707024,42593775,0.197,2300179,1.24,77.37,70.84,90.57,2,0.63,0.41,0.78,0.62,6.35,13.73,2.6,77452001,8.6,0.09,Medium
499,Transportation,West,Municipal Corp,2019,2021,323580705,324403253,285192220,0.238,28152319,1.03,58.23,76.35,72.2,1,0.73,0.25,0.78,0.43,4.36,-2.53,7.53,457519364,7.6,0.106,Low
500,Transportation,East,Central Agency,2019,2020,185899907,155190507,136325698,0.206,12856626,0.92,53.19,77.91,80.93,1,0.42,0.15,0.25,0.49,9.49,3.84,2.84,228102420,5.3,0.14,Low
